ï»¿"","","Data","Processo","Origem","Favorecido","Conta Banco","Valor","NuCnpj","SqMovimentacao","TpRepasse"
"","","28/12/2018","356","PREFEITURA DE TUCANO","FUNDO SAUDE TUCANO","150746 - BB AG 44954 C/C - 15074-6 - FPM","R$171.187,46","13810312000102","3960","MB"
"","","28/12/2018","357","PREFEITURA DE TUCANO","FUNDO SAUDE TUCANO","2831422 - BB AG 44954 C/C - 283142-2 - ICMS","R$278,52","13810312000102","3961","MB"
"","","28/12/2018","358","PREFEITURA DE TUCANO","FUNDO SAUDE TUCANO","77860 - BB AG 44954 C/C - 7786-0 - IPI","R$206,05","13810312000102","3962","MB"
"","","28/12/2018","359","PREFEITURA DE TUCANO","FUNDO SAUDE TUCANO","77852 - BB AG 44954 C/C - 7785-2 - ICMS","R$56.103,10","13810312000102","3973","MB"
"","","28/12/2018","360","PREFEITURA DE TUCANO","FUNDO SAUDE TUCANO","15072X - BB AG 44954 C/C - 15072-X - ITR","R$27,64","13810312000102","3974","MB"
"","","28/12/2018","361","PREFEITURA DE TUCANO","FUNDO ASSISTENCIA SOCIAL DE TUCANO","9467 - BB AG 44954 C/C - 946-7 - CONTA MOVIMENTO","R$5.000,00","13810312000102","4052","MB"
"","","28/12/2018","362","PREFEITURA DE TUCANO","FUNDO SAUDE TUCANO","300004 - BB AG 44954 C/C - 30000-4 - PMT TRIBUTOS","R$365,12","13810312000102","4188","MB"
"","","26/12/2018","355","PREFEITURA DE TUCANO","FUNDO SAUDE TUCANO","77852 - BB AG 44954 C/C - 7785-2 - ICMS","R$24.247,66","13810312000102","3939","MB"
"","","26/12/2018","2676","PREFEITURA DE TUCANO","UPB - UNIAO DOS MUNICIPIOS DA BAHIA","77852 - BB AG 44954 C/C - 7785-2 - ICMS","R$1.003,50","13810312000102","2775","NP"
"","","20/12/2018","354","PREFEITURA DE TUCANO","FUNDO ASSISTENCIA SOCIAL DE TUCANO","9467 - BB AG 44954 C/C - 946-7 - CONTA MOVIMENTO","R$2.000,00","13810312000102","4051","MB"
"","","20/12/2018","353","PREFEITURA DE TUCANO","TUCANO CAMARA MUNICIPAL","9467 - BB AG 44954 C/C - 946-7 - CONTA MOVIMENTO","R$149.191,87","13810312000102","3975","MB"
"","","20/12/2018","352","PREFEITURA DE TUCANO","FUNDO SAUDE TUCANO","77860 - BB AG 44954 C/C - 7786-0 - IPI","R$159,99","13810312000102","3919","MB"
"","","20/12/2018","350","PREFEITURA DE TUCANO","FUNDO SAUDE TUCANO","150746 - BB AG 44954 C/C - 15074-6 - FPM","R$95.407,53","13810312000102","3916","MB"
"","","20/12/2018","351","PREFEITURA DE TUCANO","FUNDO SAUDE TUCANO","15072X - BB AG 44954 C/C - 15072-X - ITR","R$7,76","13810312000102","3917","MB"
"","","18/12/2018","348","PREFEITURA DE TUCANO","FUNDO SAUDE TUCANO","77852 - BB AG 44954 C/C - 7785-2 - ICMS","R$32.491,93","13810312000102","3918","MB"
"","","18/12/2018","349","PREFEITURA DE TUCANO","FUNDO SAUDE TUCANO","77852 - BB AG 44954 C/C - 7785-2 - ICMS","R$1.100,00","13810312000102","4053","MB"
"","","18/12/2018","2624","PREFEITURA DE TUCANO","CONSORCIO PUBLICO DE DESENVOLVIMENTO SUSTENTAVEL DO TERRITORIO DO SISAL - CONSISAL","9467 - BB AG 44954 C/C - 946-7 - CONTA MOVIMENTO","R$2.573,00","13810312000102","2652","NP"
"","","18/12/2018","2625","PREFEITURA DE TUCANO","CONSORCIO PUBLICO DE DESENVOLVIMENTO SUSTENTAVEL DO TERRITORIO DO SISAL - CONSISAL","9467 - BB AG 44954 C/C - 946-7 - CONTA MOVIMENTO","R$4.217,00","13810312000102","2653","NP"
"","","18/12/2018","2626","PREFEITURA DE TUCANO","UPB - UNIAO DOS MUNICIPIOS DA BAHIA","77852 - BB AG 44954 C/C - 7785-2 - ICMS","R$1.003,50","13810312000102","2774","NP"
"","","17/12/2018","347","PREFEITURA DE TUCANO","FUNDO ASSISTENCIA SOCIAL DE TUCANO","9467 - BB AG 44954 C/C - 946-7 - CONTA MOVIMENTO","R$30.000,00","13810312000102","4050","MB"
"","","13/12/2018","346","PREFEITURA DE TUCANO","FUNDO ASSISTENCIA SOCIAL DE TUCANO","9467 - BB AG 44954 C/C - 946-7 - CONTA MOVIMENTO","R$2.000,00","13810312000102","4049","MB"
"","","11/12/2018","345","PREFEITURA DE TUCANO","FUNDO SAUDE TUCANO","77852 - BB AG 44954 C/C - 7785-2 - ICMS","R$5.679,30","13810312000102","3760","MB"
"","","10/12/2018","341","PREFEITURA DE TUCANO","FUNDO SAUDE TUCANO","77860 - BB AG 44954 C/C - 7786-0 - IPI","R$700,85","13810312000102","3761","MB"
"","","10/12/2018","339","PREFEITURA DE TUCANO","FUNDO SAUDE TUCANO","150746 - BB AG 44954 C/C - 15074-6 - FPM","R$211.625,65","13810312000102","3757","MB"
"","","10/12/2018","340","PREFEITURA DE TUCANO","FUNDO SAUDE TUCANO","15072X - BB AG 44954 C/C - 15072-X - ITR","R$22,24","13810312000102","3758","MB"
"","","10/12/2018","343","PREFEITURA DE TUCANO","FUNDO ASSISTENCIA SOCIAL DE TUCANO","9467 - BB AG 44954 C/C - 946-7 - CONTA MOVIMENTO","R$40.000,00","13810312000102","4048","MB"
"","","10/12/2018","344","PREFEITURA DE TUCANO","TUCANO CAMARA MUNICIPAL","9467 - BB AG 44954 C/C - 946-7 - CONTA MOVIMENTO","R$100.000,00","13810312000102","4184","MB"
"","","10/12/2018","342","PREFEITURA DE TUCANO","FUNDO SAUDE TUCANO","9467 - BB AG 44954 C/C - 946-7 - CONTA MOVIMENTO","R$285.000,00","13810312000102","4045","MB"
"","","10/12/2018","2603","PREFEITURA DE TUCANO","CONFEDERACAO NACIONAL DE MUNICIPIOS","150746 - BB AG 44954 C/C - 15074-6 - FPM","R$1.476,00","13810312000102","2776","NP"
"","","07/12/2018","338","PREFEITURA DE TUCANO","FUNDO ASSISTENCIA SOCIAL DE TUCANO","9467 - BB AG 44954 C/C - 946-7 - CONTA MOVIMENTO","R$1.000,00","13810312000102","4047","MB"
"","","04/12/2018","337","PREFEITURA DE TUCANO","FUNDO ASSISTENCIA SOCIAL DE TUCANO","9467 - BB AG 44954 C/C - 946-7 - CONTA MOVIMENTO","R$3.000,00","13810312000102","4046","MB"
"","","04/12/2018","336","PREFEITURA DE TUCANO","FUNDO SAUDE TUCANO","77852 - BB AG 44954 C/C - 7785-2 - ICMS","R$37.511,42","13810312000102","3759","MB"
"","","03/12/2018","335","PREFEITURA DE TUCANO","FUNDO SAUDE TUCANO","9467 - BB AG 44954 C/C - 946-7 - CONTA MOVIMENTO","R$6.000,00","13810312000102","4044","MB"
"","","30/11/2018","330","PREFEITURA DE TUCANO","FUNDO SAUDE TUCANO","9467 - BB AG 44954 C/C - 946-7 - CONTA MOVIMENTO","R$155.000,00","13810312000102","3707","MB"
"","","30/11/2018","331","PREFEITURA DE TUCANO","FUNDO SAUDE TUCANO","150746 - BB AG 44954 C/C - 15074-6 - FPM","R$111.878,82","13810312000102","3709","MB"
"","","30/11/2018","332","PREFEITURA DE TUCANO","FUNDO SAUDE TUCANO","2831422 - BB AG 44954 C/C - 283142-2 - ICMS","R$278,52","13810312000102","3710","MB"
"","","30/11/2018","333","PREFEITURA DE TUCANO","FUNDO SAUDE TUCANO","15072X - BB AG 44954 C/C - 15072-X - ITR","R$11,81","13810312000102","3711","MB"
"","","30/11/2018","334","PREFEITURA DE TUCANO","FUNDO SAUDE TUCANO","77860 - BB AG 44954 C/C - 7786-0 - IPI","R$94,50","13810312000102","3712","MB"
"","","30/11/2018","329","PREFEITURA DE TUCANO","TUCANO CAMARA MUNICIPAL","9467 - BB AG 44954 C/C - 946-7 - CONTA MOVIMENTO","R$119.191,85","13810312000102","3664","MB"
"","","30/11/2018","2523","PREFEITURA DE TUCANO","CONSORCIO PUBLICO DE DESENVOLVIMENTO SUSTENTAVEL DO TERRITORIO DO SISAL - CONSISAL","9467 - BB AG 44954 C/C - 946-7 - CONTA MOVIMENTO","R$2.573,00","13810312000102","2556","NP"
"","","30/11/2018","2524","PREFEITURA DE TUCANO","CONSORCIO PUBLICO DE DESENVOLVIMENTO SUSTENTAVEL DO TERRITORIO DO SISAL - CONSISAL","9467 - BB AG 44954 C/C - 946-7 - CONTA MOVIMENTO","R$2.573,00","13810312000102","2557","NP"
"","","30/11/2018","2525","PREFEITURA DE TUCANO","CONSORCIO PUBLICO DE DESENVOLVIMENTO SUSTENTAVEL DO TERRITORIO DO SISAL - CONSISAL","9467 - BB AG 44954 C/C - 946-7 - CONTA MOVIMENTO","R$4.217,00","13810312000102","2558","NP"
"","","30/11/2018","2526","PREFEITURA DE TUCANO","CONSORCIO PUBLICO DE DESENVOLVIMENTO SUSTENTAVEL DO TERRITORIO DO SISAL - CONSISAL","9467 - BB AG 44954 C/C - 946-7 - CONTA MOVIMENTO","R$4.217,00","13810312000102","2561","NP"
"","","27/11/2018","2504","PREFEITURA DE TUCANO","UPB - UNIAO DOS MUNICIPIOS DA BAHIA","77852 - BB AG 44954 C/C - 7785-2 - ICMS","R$1.003,50","13810312000102","2575","NP"
"","","27/11/2018","328","PREFEITURA DE TUCANO","FUNDO SAUDE TUCANO","77852 - BB AG 44954 C/C - 7785-2 - ICMS","R$15.935,24","13810312000102","3708","MB"
"","","21/11/2018","326","PREFEITURA DE TUCANO","FUNDO ASSISTENCIA SOCIAL DE TUCANO","9467 - BB AG 44954 C/C - 946-7 - CONTA MOVIMENTO","R$4.000,00","13810312000102","3702","MB"
"","","21/11/2018","327","PREFEITURA DE TUCANO","FUNDO SAUDE TUCANO","9467 - BB AG 44954 C/C - 946-7 - CONTA MOVIMENTO","R$15.000,00","13810312000102","3706","MB"
"","","20/11/2018","325","PREFEITURA DE TUCANO","FUNDO SAUDE TUCANO","77852 - BB AG 44954 C/C - 7785-2 - ICMS","R$1.100,00","13810312000102","3717","MB"
"","","20/11/2018","324","PREFEITURA DE TUCANO","FUNDO ASSISTENCIA SOCIAL DE TUCANO","9467 - BB AG 44954 C/C - 946-7 - CONTA MOVIMENTO","R$5.000,00","13810312000102","3701","MB"
"","","20/11/2018","319","PREFEITURA DE TUCANO","TUCANO CAMARA MUNICIPAL","9467 - BB AG 44954 C/C - 946-7 - CONTA MOVIMENTO","R$130.000,00","13810312000102","3576","MB"
"","","20/11/2018","320","PREFEITURA DE TUCANO","FUNDO SAUDE TUCANO","150746 - BB AG 44954 C/C - 15074-6 - FPM","R$46.820,47","13810312000102","3580","MB"
"","","20/11/2018","321","PREFEITURA DE TUCANO","FUNDO SAUDE TUCANO","15072X - BB AG 44954 C/C - 15072-X - ITR","R$2,45","13810312000102","3581","MB"
"","","20/11/2018","322","PREFEITURA DE TUCANO","FUNDO SAUDE TUCANO","77852 - BB AG 44954 C/C - 7785-2 - ICMS","R$32.419,23","13810312000102","3582","MB"
"","","20/11/2018","323","PREFEITURA DE TUCANO","FUNDO SAUDE TUCANO","77860 - BB AG 44954 C/C - 7786-0 - IPI","R$175,48","13810312000102","3583","MB"
"","","20/11/2018","2433","PREFEITURA DE TUCANO","UPB - UNIAO DOS MUNICIPIOS DA BAHIA","77852 - BB AG 44954 C/C - 7785-2 - ICMS","R$1.003,50","13810312000102","2574","NP"
"","","19/11/2018","318","PREFEITURA DE TUCANO","FUNDO SAUDE TUCANO","9467 - BB AG 44954 C/C - 946-7 - CONTA MOVIMENTO","R$2.000,00","13810312000102","3705","MB"
"","","13/11/2018","317","PREFEITURA DE TUCANO","FUNDO SAUDE TUCANO","77852 - BB AG 44954 C/C - 7785-2 - ICMS","R$6.130,51","13810312000102","3549","MB"
"","","12/11/2018","316","PREFEITURA DE TUCANO","FUNDO ASSISTENCIA SOCIAL DE TUCANO","9467 - BB AG 44954 C/C - 946-7 - CONTA MOVIMENTO","R$2.000,00","13810312000102","3700","MB"
"","","09/11/2018","314","PREFEITURA DE TUCANO","FUNDO ASSISTENCIA SOCIAL DE TUCANO","9467 - BB AG 44954 C/C - 946-7 - CONTA MOVIMENTO","R$42.000,00","13810312000102","3699","MB"
"","","09/11/2018","313","PREFEITURA DE TUCANO","FUNDO SAUDE TUCANO","77860 - BB AG 44954 C/C - 7786-0 - IPI","R$615,44","13810312000102","3548","MB"
"","","09/11/2018","311","PREFEITURA DE TUCANO","FUNDO SAUDE TUCANO","150746 - BB AG 44954 C/C - 15074-6 - FPM","R$231.846,38","13810312000102","3545","MB"
"","","09/11/2018","312","PREFEITURA DE TUCANO","FUNDO SAUDE TUCANO","15072X - BB AG 44954 C/C - 15072-X - ITR","R$59,70","13810312000102","3546","MB"
"","","09/11/2018","315","PREFEITURA DE TUCANO","FUNDO SAUDE TUCANO","9467 - BB AG 44954 C/C - 946-7 - CONTA MOVIMENTO","R$8.000,00","13810312000102","3704","MB"
"","","09/11/2018","2365","PREFEITURA DE TUCANO","CONFEDERACAO NACIONAL DE MUNICIPIOS","150746 - BB AG 44954 C/C - 15074-6 - FPM","R$1.476,00","13810312000102","2572","NP"
"","","06/11/2018","310","PREFEITURA DE TUCANO","FUNDO SAUDE TUCANO","9467 - BB AG 44954 C/C - 946-7 - CONTA MOVIMENTO","R$231.000,00","13810312000102","3703","MB"
"","","06/11/2018","309","PREFEITURA DE TUCANO","FUNDO SAUDE TUCANO","77852 - BB AG 44954 C/C - 7785-2 - ICMS","R$26.473,72","13810312000102","3547","MB"
"","","31/10/2018","308","PREFEITURA DE TUCANO","FUNDO SAUDE TUCANO","9467 - BB AG 44954 C/C - 946-7 - CONTA MOVIMENTO","R$47.000,00","13810312000102","3400","MB"
"","","31/10/2018","307","PREFEITURA DE TUCANO","FUNDO SAUDE TUCANO","2831422 - BB AG 44954 C/C - 283142-2 - ICMS","R$278,52","13810312000102","3339","MB"
"","","30/10/2018","301","PREFEITURA DE TUCANO","FUNDO SAUDE TUCANO","150746 - BB AG 44954 C/C - 15074-6 - FPM","R$118.442,31","13810312000102","3337","MB"
"","","30/10/2018","302","PREFEITURA DE TUCANO","FUNDO SAUDE TUCANO","15072X - BB AG 44954 C/C - 15072-X - ITR","R$10,03","13810312000102","3342","MB"
"","","30/10/2018","300","PREFEITURA DE TUCANO","TUCANO CAMARA MUNICIPAL","9467 - BB AG 44954 C/C - 946-7 - CONTA MOVIMENTO","R$119.191,85","13810312000102","3324","MB"
"","","30/10/2018","303","PREFEITURA DE TUCANO","FUNDO SAUDE TUCANO","77852 - BB AG 44954 C/C - 7785-2 - ICMS","R$22.122,47","13810312000102","3347","MB"
"","","30/10/2018","304","PREFEITURA DE TUCANO","FUNDO SAUDE TUCANO","77860 - BB AG 44954 C/C - 7786-0 - IPI","R$109,23","13810312000102","3350","MB"
"","","30/10/2018","305","PREFEITURA DE TUCANO","FUNDO SAUDE TUCANO","9467 - BB AG 44954 C/C - 946-7 - CONTA MOVIMENTO","R$125.000,00","13810312000102","3398","MB"
"","","30/10/2018","306","PREFEITURA DE TUCANO","FUNDO SAUDE TUCANO","9467 - BB AG 44954 C/C - 946-7 - CONTA MOVIMENTO","R$2.000,00","13810312000102","3399","MB"
"","","23/10/2018","298","PREFEITURA DE TUCANO","FUNDO SAUDE TUCANO","77852 - BB AG 44954 C/C - 7785-2 - ICMS","R$9.983,91","13810312000102","3346","MB"
"","","23/10/2018","299","PREFEITURA DE TUCANO","FUNDO ASSISTENCIA SOCIAL DE TUCANO","9467 - BB AG 44954 C/C - 946-7 - CONTA MOVIMENTO","R$2.000,00","13810312000102","3357","MB"
"","","23/10/2018","2251","PREFEITURA DE TUCANO","UPB - UNIAO DOS MUNICIPIOS DA BAHIA","77852 - BB AG 44954 C/C - 7785-2 - ICMS","R$1.003,50","13810312000102","2273","NP"
"","","19/10/2018","296","PREFEITURA DE TUCANO","FUNDO ASSISTENCIA SOCIAL DE TUCANO","9467 - BB AG 44954 C/C - 946-7 - CONTA MOVIMENTO","R$5.000,00","13810312000102","3356","MB"
"","","19/10/2018","297","PREFEITURA DE TUCANO","FUNDO SAUDE TUCANO","9467 - BB AG 44954 C/C - 946-7 - CONTA MOVIMENTO","R$7.000,00","13810312000102","3397","MB"
"","","19/10/2018","295","PREFEITURA DE TUCANO","FUNDO SAUDE TUCANO","77860 - BB AG 44954 C/C - 7786-0 - IPI","R$241,27","13810312000102","3349","MB"
"","","19/10/2018","293","PREFEITURA DE TUCANO","FUNDO SAUDE TUCANO","150746 - BB AG 44954 C/C - 15074-6 - FPM","R$33.609,70","13810312000102","3336","MB"
"","","19/10/2018","291","PREFEITURA DE TUCANO","TUCANO CAMARA MUNICIPAL","9467 - BB AG 44954 C/C - 946-7 - CONTA MOVIMENTO","R$120.000,00","13810312000102","3299","MB"
"","","19/10/2018","292","PREFEITURA DE TUCANO","TUCANO CAMARA MUNICIPAL","9467 - BB AG 44954 C/C - 946-7 - CONTA MOVIMENTO","R$10.000,00","13810312000102","3300","MB"
"","","19/10/2018","294","PREFEITURA DE TUCANO","FUNDO SAUDE TUCANO","15072X - BB AG 44954 C/C - 15072-X - ITR","R$44,76","13810312000102","3341","MB"
"","","17/10/2018","290","PREFEITURA DE TUCANO","FUNDO SAUDE TUCANO","9467 - BB AG 44954 C/C - 946-7 - CONTA MOVIMENTO","R$92.000,00","13810312000102","3396","MB"
"","","17/10/2018","289","PREFEITURA DE TUCANO","FUNDO ASSISTENCIA SOCIAL DE TUCANO","9467 - BB AG 44954 C/C - 946-7 - CONTA MOVIMENTO","R$2.000,00","13810312000102","3355","MB"
"","","17/10/2018","2217","PREFEITURA DE TUCANO","CONSORCIO PUBLICO DE DESENVOLVIMENTO SUSTENTAVEL DO TERRITORIO DO SISAL - CONSISAL","9467 - BB AG 44954 C/C - 946-7 - CONTA MOVIMENTO","R$2.573,00","13810312000102","2228","NP"
"","","17/10/2018","2218","PREFEITURA DE TUCANO","CONSORCIO PUBLICO DE DESENVOLVIMENTO SUSTENTAVEL DO TERRITORIO DO SISAL - CONSISAL","9467 - BB AG 44954 C/C - 946-7 - CONTA MOVIMENTO","R$4.217,00","13810312000102","2229","NP"
"","","16/10/2018","2192","PREFEITURA DE TUCANO","UPB - UNIAO DOS MUNICIPIOS DA BAHIA","77852 - BB AG 44954 C/C - 7785-2 - ICMS","R$1.003,50","13810312000102","2272","NP"
"","","16/10/2018","287","PREFEITURA DE TUCANO","FUNDO SAUDE TUCANO","77852 - BB AG 44954 C/C - 7785-2 - ICMS","R$32.181,52","13810312000102","3345","MB"
"","","16/10/2018","288","PREFEITURA DE TUCANO","FUNDO SAUDE TUCANO","77852 - BB AG 44954 C/C - 7785-2 - ICMS","R$1.100,00","13810312000102","3401","MB"
"","","15/10/2018","286","PREFEITURA DE TUCANO","FUNDO ASSISTENCIA SOCIAL DE TUCANO","9467 - BB AG 44954 C/C - 946-7 - CONTA MOVIMENTO","R$2.000,00","13810312000102","3354","MB"
"","","11/10/2018","285","PREFEITURA DE TUCANO","FUNDO SAUDE TUCANO","9467 - BB AG 44954 C/C - 946-7 - CONTA MOVIMENTO","R$2.000,00","13810312000102","3395","MB"
"","","10/10/2018","284","PREFEITURA DE TUCANO","FUNDO SAUDE TUCANO","9467 - BB AG 44954 C/C - 946-7 - CONTA MOVIMENTO","R$210.000,00","13810312000102","3394","MB"
"","","10/10/2018","282","PREFEITURA DE TUCANO","FUNDO SAUDE TUCANO","77860 - BB AG 44954 C/C - 7786-0 - IPI","R$571,74","13810312000102","3348","MB"
"","","10/10/2018","283","PREFEITURA DE TUCANO","FUNDO ASSISTENCIA SOCIAL DE TUCANO","9467 - BB AG 44954 C/C - 946-7 - CONTA MOVIMENTO","R$13.000,00","13810312000102","3353","MB"
"","","10/10/2018","281","PREFEITURA DE TUCANO","FUNDO SAUDE TUCANO","15072X - BB AG 44954 C/C - 15072-X - ITR","R$1.188,21","13810312000102","3340","MB"
"","","10/10/2018","280","PREFEITURA DE TUCANO","FUNDO SAUDE TUCANO","150746 - BB AG 44954 C/C - 15074-6 - FPM","R$158.862,53","13810312000102","3335","MB"
"","","10/10/2018","2120","PREFEITURA DE TUCANO","MINISTERIO DO DESENVOLVIMENTO AGRARIO","9467 - BB AG 44954 C/C - 946-7 - CONTA MOVIMENTO","R$6.897,75","13810312000102","2129","NP"
"","","10/10/2018","2166","PREFEITURA DE TUCANO","CONFEDERACAO NACIONAL DE MUNICIPIOS","150746 - BB AG 44954 C/C - 15074-6 - FPM","R$1.476,00","13810312000102","2271","NP"
"","","09/10/2018","279","PREFEITURA DE TUCANO","FUNDO SAUDE TUCANO","77852 - BB AG 44954 C/C - 7785-2 - ICMS","R$3.385,83","13810312000102","3344","MB"
"","","03/10/2018","278","PREFEITURA DE TUCANO","FUNDO ASSISTENCIA SOCIAL DE TUCANO","9467 - BB AG 44954 C/C - 946-7 - CONTA MOVIMENTO","R$1.000,00","13810312000102","3352","MB"
"","","02/10/2018","277","PREFEITURA DE TUCANO","FUNDO ASSISTENCIA SOCIAL DE TUCANO","9467 - BB AG 44954 C/C - 946-7 - CONTA MOVIMENTO","R$30.000,00","13810312000102","3351","MB"
"","","02/10/2018","276","PREFEITURA DE TUCANO","FUNDO SAUDE TUCANO","77852 - BB AG 44954 C/C - 7785-2 - ICMS","R$39.022,37","13810312000102","3343","MB"
"","","28/09/2018","275","PREFEITURA DE TUCANO","FUNDO SAUDE TUCANO","9467 - BB AG 44954 C/C - 946-7 - CONTA MOVIMENTO","R$128.000,00","13810312000102","3077","MB"
"","","28/09/2018","270","PREFEITURA DE TUCANO","TUCANO CAMARA MUNICIPAL","9467 - BB AG 44954 C/C - 946-7 - CONTA MOVIMENTO","R$129.191,85","13810312000102","3028","MB"
"","","28/09/2018","271","PREFEITURA DE TUCANO","FUNDO SAUDE TUCANO","150746 - BB AG 44954 C/C - 15074-6 - FPM","R$123.728,24","13810312000102","3031","MB"
"","","28/09/2018","272","PREFEITURA DE TUCANO","FUNDO SAUDE TUCANO","2831422 - BB AG 44954 C/C - 283142-2 - ICMS","R$278,52","13810312000102","3032","MB"
"","","28/09/2018","273","PREFEITURA DE TUCANO","FUNDO SAUDE TUCANO","15072X - BB AG 44954 C/C - 15072-X - ITR","R$141,71","13810312000102","3035","MB"
"","","28/09/2018","274","PREFEITURA DE TUCANO","FUNDO SAUDE TUCANO","77860 - BB AG 44954 C/C - 7786-0 - IPI","R$192,23","13810312000102","3042","MB"
"","","25/09/2018","268","PREFEITURA DE TUCANO","FUNDO SAUDE TUCANO","77852 - BB AG 44954 C/C - 7785-2 - ICMS","R$19.578,96","13810312000102","3039","MB"
"","","25/09/2018","269","PREFEITURA DE TUCANO","FUNDO ASSISTENCIA SOCIAL DE TUCANO","9467 - BB AG 44954 C/C - 946-7 - CONTA MOVIMENTO","R$2.000,00","13810312000102","3074","MB"
"","","25/09/2018","2056","PREFEITURA DE TUCANO","UPB - UNIAO DOS MUNICIPIOS DA BAHIA","77852 - BB AG 44954 C/C - 7785-2 - ICMS","R$1.003,50","13810312000102","2118","NP"
"","","24/09/2018","267","PREFEITURA DE TUCANO","FUNDO ASSISTENCIA SOCIAL DE TUCANO","9467 - BB AG 44954 C/C - 946-7 - CONTA MOVIMENTO","R$1.000,00","13810312000102","3073","MB"
"","","20/09/2018","265","PREFEITURA DE TUCANO","FUNDO ASSISTENCIA SOCIAL DE TUCANO","9467 - BB AG 44954 C/C - 946-7 - CONTA MOVIMENTO","R$5.000,00","13810312000102","3072","MB"
"","","20/09/2018","264","PREFEITURA DE TUCANO","FUNDO SAUDE TUCANO","77860 - BB AG 44954 C/C - 7786-0 - IPI","R$166,91","13810312000102","3041","MB"
"","","20/09/2018","262","PREFEITURA DE TUCANO","FUNDO SAUDE TUCANO","150746 - BB AG 44954 C/C - 15074-6 - FPM","R$29.251,31","13810312000102","3030","MB"
"","","20/09/2018","263","PREFEITURA DE TUCANO","FUNDO SAUDE TUCANO","15072X - BB AG 44954 C/C - 15072-X - ITR","R$46,71","13810312000102","3034","MB"
"","","20/09/2018","261","PREFEITURA DE TUCANO","TUCANO CAMARA MUNICIPAL","9467 - BB AG 44954 C/C - 946-7 - CONTA MOVIMENTO","R$120.000,00","13810312000102","2973","MB"
"","","20/09/2018","266","PREFEITURA DE TUCANO","FUNDO SAUDE TUCANO","9467 - BB AG 44954 C/C - 946-7 - CONTA MOVIMENTO","R$55.000,00","13810312000102","3078","MB"
"","","19/09/2018","260","PREFEITURA DE TUCANO","FUNDO SAUDE TUCANO","9467 - BB AG 44954 C/C - 946-7 - CONTA MOVIMENTO","R$22.000,00","13810312000102","3076","MB"
"","","18/09/2018","259","PREFEITURA DE TUCANO","FUNDO SAUDE TUCANO","77852 - BB AG 44954 C/C - 7785-2 - ICMS","R$1.100,00","13810312000102","3152","MB"
"","","18/09/2018","2003","PREFEITURA DE TUCANO","UPB - UNIAO DOS MUNICIPIOS DA BAHIA","77852 - BB AG 44954 C/C - 7785-2 - ICMS","R$1.003,50","13810312000102","2117","NP"
"","","18/09/2018","258","PREFEITURA DE TUCANO","FUNDO SAUDE TUCANO","77852 - BB AG 44954 C/C - 7785-2 - ICMS","R$34.664,31","13810312000102","3038","MB"
"","","13/09/2018","257","PREFEITURA DE TUCANO","FUNDO ASSISTENCIA SOCIAL DE TUCANO","9467 - BB AG 44954 C/C - 946-7 - CONTA MOVIMENTO","R$2.000,00","13810312000102","3071","MB"
"","","11/09/2018","256","PREFEITURA DE TUCANO","FUNDO SAUDE TUCANO","77852 - BB AG 44954 C/C - 7785-2 - ICMS","R$3.973,96","13810312000102","3037","MB"
"","","10/09/2018","253","PREFEITURA DE TUCANO","FUNDO SAUDE TUCANO","77860 - BB AG 44954 C/C - 7786-0 - IPI","R$549,49","13810312000102","3040","MB"
"","","10/09/2018","254","PREFEITURA DE TUCANO","FUNDO ASSISTENCIA SOCIAL DE TUCANO","9467 - BB AG 44954 C/C - 946-7 - CONTA MOVIMENTO","R$38.000,00","13810312000102","3070","MB"
"","","10/09/2018","255","PREFEITURA DE TUCANO","FUNDO SAUDE TUCANO","9467 - BB AG 44954 C/C - 946-7 - CONTA MOVIMENTO","R$317.000,00","13810312000102","3075","MB"
"","","10/09/2018","251","PREFEITURA DE TUCANO","FUNDO SAUDE TUCANO","150746 - BB AG 44954 C/C - 15074-6 - FPM","R$120.714,39","13810312000102","3029","MB"
"","","10/09/2018","252","PREFEITURA DE TUCANO","FUNDO SAUDE TUCANO","15072X - BB AG 44954 C/C - 15072-X - ITR","R$102,30","13810312000102","3033","MB"
"","","10/09/2018","1957","PREFEITURA DE TUCANO","CONFEDERACAO NACIONAL DE MUNICIPIOS","150746 - BB AG 44954 C/C - 15074-6 - FPM","R$1.476,00","13810312000102","2122","NP"
"","","10/09/2018","1940","PREFEITURA DE TUCANO","MINISTERIO DO DESENVOLVIMENTO AGRARIO","9467 - BB AG 44954 C/C - 946-7 - CONTA MOVIMENTO","R$6.897,75","13810312000102","1941","NP"
"","","06/09/2018","250","PREFEITURA DE TUCANO","FUNDO ASSISTENCIA SOCIAL DE TUCANO","9467 - BB AG 44954 C/C - 946-7 - CONTA MOVIMENTO","R$4.000,00","13810312000102","3069","MB"
"","","04/09/2018","249","PREFEITURA DE TUCANO","FUNDO ASSISTENCIA SOCIAL DE TUCANO","9467 - BB AG 44954 C/C - 946-7 - CONTA MOVIMENTO","R$1.000,00","13810312000102","3068","MB"
"","","04/09/2018","248","PREFEITURA DE TUCANO","FUNDO SAUDE TUCANO","77852 - BB AG 44954 C/C - 7785-2 - ICMS","R$34.160,14","13810312000102","3036","MB"
"","","31/08/2018","247","PREFEITURA DE TUCANO","FUNDO SAUDE TUCANO","2831422 - BB AG 44954 C/C - 283142-2 - ICMS","R$278,52","13810312000102","2708","MB"
"","","30/08/2018","244","PREFEITURA DE TUCANO","FUNDO SAUDE TUCANO","150746 - BB AG 44954 C/C - 15074-6 - FPM","R$116.189,54","13810312000102","2707","MB"
"","","30/08/2018","242","PREFEITURA DE TUCANO","TUCANO CAMARA MUNICIPAL","9467 - BB AG 44954 C/C - 946-7 - CONTA MOVIMENTO","R$99.191,85","13810312000102","2680","MB"
"","","30/08/2018","243","PREFEITURA DE TUCANO","FUNDO SAUDE TUCANO","9467 - BB AG 44954 C/C - 946-7 - CONTA MOVIMENTO","R$90.000,00","13810312000102","2687","MB"
"","","30/08/2018","246","PREFEITURA DE TUCANO","FUNDO SAUDE TUCANO","77860 - BB AG 44954 C/C - 7786-0 - IPI","R$130,64","13810312000102","2718","MB"
"","","30/08/2018","245","PREFEITURA DE TUCANO","FUNDO SAUDE TUCANO","15072X - BB AG 44954 C/C - 15072-X - ITR","R$19,26","13810312000102","2711","MB"
"","","30/08/2018","1885","PREFEITURA DE TUCANO","SINDICATO DOS TRABALHADORES RURAIS E AGRICULTORES FAMILIAR DE TUCANO","9467 - BB AG 44954 C/C - 946-7 - CONTA MOVIMENTO","R$34.310,00","13810312000102","1900","NP"
"","","28/08/2018","1859","PREFEITURA DE TUCANO","UPB - UNIAO DOS MUNICIPIOS DA BAHIA","77852 - BB AG 44954 C/C - 7785-2 - ICMS","R$1.003,50","13810312000102","1851","NP"
"","","28/08/2018","241","PREFEITURA DE TUCANO","FUNDO SAUDE TUCANO","77852 - BB AG 44954 C/C - 7785-2 - ICMS","R$12.413,77","13810312000102","2715","MB"
"","","27/08/2018","240","PREFEITURA DE TUCANO","FUNDO SAUDE TUCANO","9467 - BB AG 44954 C/C - 946-7 - CONTA MOVIMENTO","R$47.000,00","13810312000102","2655","MB"
"","","27/08/2018","239","PREFEITURA DE TUCANO","FUNDO ASSISTENCIA SOCIAL DE TUCANO","9467 - BB AG 44954 C/C - 946-7 - CONTA MOVIMENTO","R$1.000,00","13810312000102","2651","MB"
"","","21/08/2018","236","PREFEITURA DE TUCANO","FUNDO SAUDE TUCANO","9467 - BB AG 44954 C/C - 946-7 - CONTA MOVIMENTO","R$9.000,00","13810312000102","2654","MB"
"","","21/08/2018","237","PREFEITURA DE TUCANO","FUNDO SAUDE TUCANO","77852 - BB AG 44954 C/C - 7785-2 - ICMS","R$1.100,00","13810312000102","2679","MB"
"","","21/08/2018","238","PREFEITURA DE TUCANO","FUNDO SAUDE TUCANO","77852 - BB AG 44954 C/C - 7785-2 - ICMS","R$11.309,16","13810312000102","2714","MB"
"","","21/08/2018","1831","PREFEITURA DE TUCANO","UPB - UNIAO DOS MUNICIPIOS DA BAHIA","77852 - BB AG 44954 C/C - 7785-2 - ICMS","R$1.003,50","13810312000102","1845","NP"
"","","20/08/2018","235","PREFEITURA DE TUCANO","FUNDO SAUDE TUCANO","77860 - BB AG 44954 C/C - 7786-0 - IPI","R$216,00","13810312000102","2717","MB"
"","","20/08/2018","234","PREFEITURA DE TUCANO","FUNDO SAUDE TUCANO","15072X - BB AG 44954 C/C - 15072-X - ITR","R$10,48","13810312000102","2710","MB"
"","","20/08/2018","233","PREFEITURA DE TUCANO","FUNDO SAUDE TUCANO","150746 - BB AG 44954 C/C - 15074-6 - FPM","R$36.285,04","13810312000102","2706","MB"
"","","20/08/2018","230","PREFEITURA DE TUCANO","FUNDO ASSISTENCIA SOCIAL DE TUCANO","9467 - BB AG 44954 C/C - 946-7 - CONTA MOVIMENTO","R$10.000,00","13810312000102","2650","MB"
"","","20/08/2018","231","PREFEITURA DE TUCANO","FUNDO SAUDE TUCANO","9467 - BB AG 44954 C/C - 946-7 - CONTA MOVIMENTO","R$17.000,00","13810312000102","2652","MB"
"","","20/08/2018","232","PREFEITURA DE TUCANO","FUNDO SAUDE TUCANO","9467 - BB AG 44954 C/C - 946-7 - CONTA MOVIMENTO","R$68.000,00","13810312000102","2653","MB"
"","","20/08/2018","229","PREFEITURA DE TUCANO","TUCANO CAMARA MUNICIPAL","9467 - BB AG 44954 C/C - 946-7 - CONTA MOVIMENTO","R$150.000,00","13810312000102","2578","MB"
"","","16/08/2018","228","PREFEITURA DE TUCANO","FUNDO ASSISTENCIA SOCIAL DE TUCANO","9467 - BB AG 44954 C/C - 946-7 - CONTA MOVIMENTO","R$2.000,00","13810312000102","2649","MB"
"","","16/08/2018","1791","PREFEITURA DE TUCANO","CONSORCIO PUBLICO DE DESENVOLVIMENTO SUSTENTAVEL DO TERRITORIO DO SISAL - CONSISAL","9467 - BB AG 44954 C/C - 946-7 - CONTA MOVIMENTO","R$2.573,00","13810312000102","1778","NP"
"","","16/08/2018","1792","PREFEITURA DE TUCANO","CONSORCIO PUBLICO DE DESENVOLVIMENTO SUSTENTAVEL DO TERRITORIO DO SISAL - CONSISAL","9467 - BB AG 44954 C/C - 946-7 - CONTA MOVIMENTO","R$4.217,00","13810312000102","1779","NP"
"","","14/08/2018","226","PREFEITURA DE TUCANO","FUNDO ASSISTENCIA SOCIAL DE TUCANO","9467 - BB AG 44954 C/C - 946-7 - CONTA MOVIMENTO","R$2.000,00","13810312000102","2626","MB"
"","","14/08/2018","227","PREFEITURA DE TUCANO","FUNDO SAUDE TUCANO","77852 - BB AG 44954 C/C - 7785-2 - ICMS","R$29.771,05","13810312000102","2713","MB"
"","","13/08/2018","224","PREFEITURA DE TUCANO","FUNDO ASSISTENCIA SOCIAL DE TUCANO","9467 - BB AG 44954 C/C - 946-7 - CONTA MOVIMENTO","R$2.000,00","13810312000102","2625","MB"
"","","13/08/2018","225","PREFEITURA DE TUCANO","FUNDO SAUDE TUCANO","9467 - BB AG 44954 C/C - 946-7 - CONTA MOVIMENTO","R$2.000,00","13810312000102","2633","MB"
"","","10/08/2018","219","PREFEITURA DE TUCANO","FUNDO SAUDE TUCANO","9467 - BB AG 44954 C/C - 946-7 - CONTA MOVIMENTO","R$300.000,00","13810312000102","2629","MB"
"","","10/08/2018","220","PREFEITURA DE TUCANO","FUNDO SAUDE TUCANO","9467 - BB AG 44954 C/C - 946-7 - CONTA MOVIMENTO","R$23.000,00","13810312000102","2631","MB"
"","","10/08/2018","222","PREFEITURA DE TUCANO","FUNDO SAUDE TUCANO","15072X - BB AG 44954 C/C - 15072-X - ITR","R$22,94","13810312000102","2709","MB"
"","","10/08/2018","221","PREFEITURA DE TUCANO","FUNDO SAUDE TUCANO","150746 - BB AG 44954 C/C - 15074-6 - FPM","R$210.418,10","13810312000102","2705","MB"
"","","10/08/2018","218","PREFEITURA DE TUCANO","FUNDO ASSISTENCIA SOCIAL DE TUCANO","9467 - BB AG 44954 C/C - 946-7 - CONTA MOVIMENTO","R$5.000,00","13810312000102","2624","MB"
"","","10/08/2018","223","PREFEITURA DE TUCANO","FUNDO SAUDE TUCANO","77860 - BB AG 44954 C/C - 7786-0 - IPI","R$562,12","13810312000102","2716","MB"
"","","10/08/2018","1731","PREFEITURA DE TUCANO","CONFEDERACAO NACIONAL DE MUNICIPIOS","150746 - BB AG 44954 C/C - 15074-6 - FPM","R$1.476,00","13810312000102","1844","NP"
"","","10/08/2018","1689","PREFEITURA DE TUCANO","MINISTERIO DO DESENVOLVIMENTO AGRARIO","9467 - BB AG 44954 C/C - 946-7 - CONTA MOVIMENTO","R$6.897,75","13810312000102","1699","NP"
"","","07/08/2018","217","PREFEITURA DE TUCANO","FUNDO SAUDE TUCANO","77852 - BB AG 44954 C/C - 7785-2 - ICMS","R$25.346,49","13810312000102","2712","MB"
"","","06/08/2018","216","PREFEITURA DE TUCANO","FUNDO SAUDE TUCANO","9467 - BB AG 44954 C/C - 946-7 - CONTA MOVIMENTO","R$9.000,00","13810312000102","2628","MB"
"","","06/08/2018","215","PREFEITURA DE TUCANO","FUNDO ASSISTENCIA SOCIAL DE TUCANO","9467 - BB AG 44954 C/C - 946-7 - CONTA MOVIMENTO","R$62.000,00","13810312000102","2623","MB"
"","","03/08/2018","1652","PREFEITURA DE TUCANO","CONSORCIO PUBLICO DE DESENVOLVIMENTO SUSTENTAVEL DO TERRITORIO DO SISAL - CONSISAL","9467 - BB AG 44954 C/C - 946-7 - CONTA MOVIMENTO","R$2.573,00","13810312000102","1646","NP"
"","","03/08/2018","1653","PREFEITURA DE TUCANO","CONSORCIO PUBLICO DE DESENVOLVIMENTO SUSTENTAVEL DO TERRITORIO DO SISAL - CONSISAL","9467 - BB AG 44954 C/C - 946-7 - CONTA MOVIMENTO","R$4.217,00","13810312000102","1647","NP"
"","","01/08/2018","214","PREFEITURA DE TUCANO","FUNDO ASSISTENCIA SOCIAL DE TUCANO","9467 - BB AG 44954 C/C - 946-7 - CONTA MOVIMENTO","R$1.000,00","13810312000102","2622","MB"
"","","31/07/2018","213","PREFEITURA DE TUCANO","FUNDO SAUDE TUCANO","77852 - BB AG 44954 C/C - 7785-2 - ICMS","R$23.550,03","13810312000102","2316","MB"
"","","31/07/2018","212","PREFEITURA DE TUCANO","FUNDO SAUDE TUCANO","2831422 - BB AG 44954 C/C - 283142-2 - ICMS","R$278,52","13810312000102","2308","MB"
"","","30/07/2018","208","PREFEITURA DE TUCANO","FUNDO SAUDE TUCANO","150746 - BB AG 44954 C/C - 15074-6 - FPM","R$124.735,54","13810312000102","2307","MB"
"","","30/07/2018","209","PREFEITURA DE TUCANO","FUNDO SAUDE TUCANO","15072X - BB AG 44954 C/C - 15072-X - ITR","R$12,92","13810312000102","2311","MB"
"","","30/07/2018","207","PREFEITURA DE TUCANO","TUCANO CAMARA MUNICIPAL","9467 - BB AG 44954 C/C - 946-7 - CONTA MOVIMENTO","R$99.191,85","13810312000102","2301","MB"
"","","30/07/2018","210","PREFEITURA DE TUCANO","FUNDO SAUDE TUCANO","77860 - BB AG 44954 C/C - 7786-0 - IPI","R$162,22","13810312000102","2319","MB"
"","","30/07/2018","211","PREFEITURA DE TUCANO","FUNDO SAUDE TUCANO","9467 - BB AG 44954 C/C - 946-7 - CONTA MOVIMENTO","R$62.000,00","13810312000102","2343","MB"
"","","30/07/2018","1605","PREFEITURA DE TUCANO","CONSORCIO PUBLICO DE DESENVOLVIMENTO SUSTENTAVEL DO TERRITORIO DO SISAL - CONSISAL","9467 - BB AG 44954 C/C - 946-7 - CONTA MOVIMENTO","R$4.217,00","13810312000102","1624","NP"
"","","30/07/2018","1606","PREFEITURA DE TUCANO","CONSORCIO PUBLICO DE DESENVOLVIMENTO SUSTENTAVEL DO TERRITORIO DO SISAL - CONSISAL","9467 - BB AG 44954 C/C - 946-7 - CONTA MOVIMENTO","R$2.573,00","13810312000102","1625","NP"
"","","27/07/2018","206","PREFEITURA DE TUCANO","FUNDO SAUDE TUCANO","9467 - BB AG 44954 C/C - 946-7 - CONTA MOVIMENTO","R$13.000,00","13810312000102","2342","MB"
"","","24/07/2018","205","PREFEITURA DE TUCANO","FUNDO SAUDE TUCANO","9467 - BB AG 44954 C/C - 946-7 - CONTA MOVIMENTO","R$37.000,00","13810312000102","2341","MB"
"","","24/07/2018","204","PREFEITURA DE TUCANO","FUNDO SAUDE TUCANO","77852 - BB AG 44954 C/C - 7785-2 - ICMS","R$9.620,41","13810312000102","2315","MB"
"","","24/07/2018","1582","PREFEITURA DE TUCANO","UPB - UNIAO DOS MUNICIPIOS DA BAHIA","77852 - BB AG 44954 C/C - 7785-2 - ICMS","R$1.003,50","13810312000102","1594","NP"
"","","23/07/2018","203","PREFEITURA DE TUCANO","FUNDO SAUDE TUCANO","9467 - BB AG 44954 C/C - 946-7 - CONTA MOVIMENTO","R$4.500,00","13810312000102","2340","MB"
"","","20/07/2018","202","PREFEITURA DE TUCANO","FUNDO SAUDE TUCANO","77860 - BB AG 44954 C/C - 7786-0 - IPI","R$183,37","13810312000102","2318","MB"
"","","20/07/2018","200","PREFEITURA DE TUCANO","FUNDO SAUDE TUCANO","150746 - BB AG 44954 C/C - 15074-6 - FPM","R$45.222,13","13810312000102","2306","MB"
"","","20/07/2018","199","PREFEITURA DE TUCANO","TUCANO CAMARA MUNICIPAL","9467 - BB AG 44954 C/C - 946-7 - CONTA MOVIMENTO","R$150.000,00","13810312000102","2278","MB"
"","","20/07/2018","201","PREFEITURA DE TUCANO","FUNDO SAUDE TUCANO","15072X - BB AG 44954 C/C - 15072-X - ITR","R$10,68","13810312000102","2310","MB"
"","","19/07/2018","198","PREFEITURA DE TUCANO","FUNDO ASSISTENCIA SOCIAL DE TUCANO","9467 - BB AG 44954 C/C - 946-7 - CONTA MOVIMENTO","R$1.000,00","13810312000102","2225","MB"
"","","17/07/2018","197","PREFEITURA DE TUCANO","FUNDO SAUDE TUCANO","77852 - BB AG 44954 C/C - 7785-2 - ICMS","R$28.775,73","13810312000102","2314","MB"
"","","17/07/2018","196","PREFEITURA DE TUCANO","FUNDO SAUDE TUCANO","77852 - BB AG 44954 C/C - 7785-2 - ICMS","R$1.100,00","13810312000102","2300","MB"
"","","17/07/2018","1520","PREFEITURA DE TUCANO","UPB - UNIAO DOS MUNICIPIOS DA BAHIA","77852 - BB AG 44954 C/C - 7785-2 - ICMS","R$1.003,50","13810312000102","1561","NP"
"","","16/07/2018","195","PREFEITURA DE TUCANO","FUNDO SAUDE TUCANO","9467 - BB AG 44954 C/C - 946-7 - CONTA MOVIMENTO","R$5.000,00","13810312000102","2235","MB"
"","","16/07/2018","194","PREFEITURA DE TUCANO","FUNDO ASSISTENCIA SOCIAL DE TUCANO","9467 - BB AG 44954 C/C - 946-7 - CONTA MOVIMENTO","R$5.000,00","13810312000102","2223","MB"
"","","11/07/2018","192","PREFEITURA DE TUCANO","FUNDO ASSISTENCIA SOCIAL DE TUCANO","9467 - BB AG 44954 C/C - 946-7 - CONTA MOVIMENTO","R$1.000,00","13810312000102","2222","MB"
"","","11/07/2018","193","PREFEITURA DE TUCANO","FUNDO SAUDE TUCANO","9467 - BB AG 44954 C/C - 946-7 - CONTA MOVIMENTO","R$3.000,00","13810312000102","2234","MB"
"","","11/07/2018","1488","PREFEITURA DE TUCANO","SINDICATO DOS TRABALHADORES RURAIS E AGRICULTORES FAMILIAR DE TUCANO","9467 - BB AG 44954 C/C - 946-7 - CONTA MOVIMENTO","R$34.999,20","13810312000102","1472","NP"
"","","10/07/2018","1471","PREFEITURA DE TUCANO","CONFEDERACAO NACIONAL DE MUNICIPIOS","150746 - BB AG 44954 C/C - 15074-6 - FPM","R$1.476,00","13810312000102","1560","NP"
"","","10/07/2018","1419","PREFEITURA DE TUCANO","MINISTERIO DO DESENVOLVIMENTO AGRARIO","9467 - BB AG 44954 C/C - 946-7 - CONTA MOVIMENTO","R$6.897,75","13810312000102","1440","NP"
"","","10/07/2018","187","PREFEITURA DE TUCANO","FUNDO SAUDE TUCANO","9467 - BB AG 44954 C/C - 946-7 - CONTA MOVIMENTO","R$435.000,00","13810312000102","2232","MB"
"","","10/07/2018","188","PREFEITURA DE TUCANO","FUNDO SAUDE TUCANO","150746 - BB AG 44954 C/C - 15074-6 - FPM","R$117.696,51","13810312000102","2305","MB"
"","","10/07/2018","190","PREFEITURA DE TUCANO","FUNDO SAUDE TUCANO","77852 - BB AG 44954 C/C - 7785-2 - ICMS","R$4.534,78","13810312000102","2313","MB"
"","","10/07/2018","189","PREFEITURA DE TUCANO","FUNDO SAUDE TUCANO","15072X - BB AG 44954 C/C - 15072-X - ITR","R$9,44","13810312000102","2309","MB"
"","","10/07/2018","186","PREFEITURA DE TUCANO","FUNDO ASSISTENCIA SOCIAL DE TUCANO","9467 - BB AG 44954 C/C - 946-7 - CONTA MOVIMENTO","R$76.000,00","13810312000102","2220","MB"
"","","10/07/2018","191","PREFEITURA DE TUCANO","FUNDO SAUDE TUCANO","77860 - BB AG 44954 C/C - 7786-0 - IPI","R$494,66","13810312000102","2317","MB"
"","","05/07/2018","184","PREFEITURA DE TUCANO","FUNDO ASSISTENCIA SOCIAL DE TUCANO","9467 - BB AG 44954 C/C - 946-7 - CONTA MOVIMENTO","R$7.000,00","13810312000102","2219","MB"
"","","05/07/2018","185","PREFEITURA DE TUCANO","FUNDO SAUDE TUCANO","9467 - BB AG 44954 C/C - 946-7 - CONTA MOVIMENTO","R$25.000,00","13810312000102","2228","MB"
"","","04/07/2018","183","PREFEITURA DE TUCANO","FUNDO SAUDE TUCANO","77852 - BB AG 44954 C/C - 7785-2 - ICMS","R$31.725,58","13810312000102","2312","MB"
"","","04/07/2018","862","FUNDO SAUDE TUCANO","ASSOCIACAO DE REINTEGRACAO DO INDIVIDUO EBRIO A SOCIEDADE","98906 - BB AG 44954 C/C - 9890-6 - FUS","R$1.000,00","13320152000113","867","NP"
"","","03/07/2018","182","PREFEITURA DE TUCANO","FUNDO SAUDE TUCANO","9467 - BB AG 44954 C/C - 946-7 - CONTA MOVIMENTO","R$1.000,00","13810312000102","2226","MB"
"","","03/07/2018","181","PREFEITURA DE TUCANO","FUNDO ASSISTENCIA SOCIAL DE TUCANO","9467 - BB AG 44954 C/C - 946-7 - CONTA MOVIMENTO","R$1.000,00","13810312000102","2218","MB"
"","","29/06/2018","180","PREFEITURA DE TUCANO","FUNDO ASSISTENCIA SOCIAL DE TUCANO","9467 - BB AG 44954 C/C - 946-7 - CONTA MOVIMENTO","R$2.000,00","13810312000102","1959","MB"
"","","29/06/2018","173","PREFEITURA DE TUCANO","TUCANO CAMARA MUNICIPAL","9467 - BB AG 44954 C/C - 946-7 - CONTA MOVIMENTO","R$99.191,85","13810312000102","1893","MB"
"","","29/06/2018","174","PREFEITURA DE TUCANO","FUNDO SAUDE TUCANO","150746 - BB AG 44954 C/C - 15074-6 - FPM","R$123.782,29","13810312000102","1896","MB"
"","","29/06/2018","175","PREFEITURA DE TUCANO","FUNDO SAUDE TUCANO","2831422 - BB AG 44954 C/C - 283142-2 - ICMS","R$278,52","13810312000102","1897","MB"
"","","29/06/2018","176","PREFEITURA DE TUCANO","FUNDO SAUDE TUCANO","15072X - BB AG 44954 C/C - 15072-X - ITR","R$3,99","13810312000102","1900","MB"
"","","29/06/2018","177","PREFEITURA DE TUCANO","FUNDO SAUDE TUCANO","77860 - BB AG 44954 C/C - 7786-0 - IPI","R$164,91","13810312000102","1907","MB"
"","","29/06/2018","178","PREFEITURA DE TUCANO","FUNDO SAUDE TUCANO","9467 - BB AG 44954 C/C - 946-7 - CONTA MOVIMENTO","R$99.000,00","13810312000102","1951","MB"
"","","29/06/2018","179","PREFEITURA DE TUCANO","FUNDO SAUDE TUCANO","9467 - BB AG 44954 C/C - 946-7 - CONTA MOVIMENTO","R$43.000,00","13810312000102","1952","MB"
"","","29/06/2018","1312","PREFEITURA DE TUCANO","CONSORCIO PUBLICO DE DESENVOLVIMENTO SUSTENTAVEL DO TERRITORIO DO SISAL - CONSISAL","9467 - BB AG 44954 C/C - 946-7 - CONTA MOVIMENTO","R$2.573,00","13810312000102","1313","NP"
"","","29/06/2018","1313","PREFEITURA DE TUCANO","CONSORCIO PUBLICO DE DESENVOLVIMENTO SUSTENTAVEL DO TERRITORIO DO SISAL - CONSISAL","9467 - BB AG 44954 C/C - 946-7 - CONTA MOVIMENTO","R$4.217,00","13810312000102","1314","NP"
"","","26/06/2018","1286","PREFEITURA DE TUCANO","UPB - UNIAO DOS MUNICIPIOS DA BAHIA","77852 - BB AG 44954 C/C - 7785-2 - ICMS","R$1.003,50","13810312000102","1397","NP"
"","","26/06/2018","172","PREFEITURA DE TUCANO","FUNDO SAUDE TUCANO","77852 - BB AG 44954 C/C - 7785-2 - ICMS","R$15.198,12","13810312000102","1904","MB"
"","","20/06/2018","169","PREFEITURA DE TUCANO","FUNDO SAUDE TUCANO","77860 - BB AG 44954 C/C - 7786-0 - IPI","R$163,88","13810312000102","1906","MB"
"","","20/06/2018","167","PREFEITURA DE TUCANO","FUNDO SAUDE TUCANO","150746 - BB AG 44954 C/C - 15074-6 - FPM","R$86.883,44","13810312000102","1895","MB"
"","","20/06/2018","168","PREFEITURA DE TUCANO","FUNDO SAUDE TUCANO","15072X - BB AG 44954 C/C - 15072-X - ITR","R$2,55","13810312000102","1899","MB"
"","","20/06/2018","166","PREFEITURA DE TUCANO","TUCANO CAMARA MUNICIPAL","9467 - BB AG 44954 C/C - 946-7 - CONTA MOVIMENTO","R$150.000,00","13810312000102","1886","MB"
"","","20/06/2018","171","PREFEITURA DE TUCANO","FUNDO ASSISTENCIA SOCIAL DE TUCANO","9467 - BB AG 44954 C/C - 946-7 - CONTA MOVIMENTO","R$7.000,00","13810312000102","1958","MB"
"","","20/06/2018","170","PREFEITURA DE TUCANO","FUNDO SAUDE TUCANO","9467 - BB AG 44954 C/C - 946-7 - CONTA MOVIMENTO","R$22.000,00","13810312000102","1950","MB"
"","","19/06/2018","164","PREFEITURA DE TUCANO","FUNDO ASSISTENCIA SOCIAL DE TUCANO","9467 - BB AG 44954 C/C - 946-7 - CONTA MOVIMENTO","R$1.000,00","13810312000102","1957","MB"
"","","19/06/2018","165","PREFEITURA DE TUCANO","FUNDO SAUDE TUCANO","77852 - BB AG 44954 C/C - 7785-2 - ICMS","R$1.100,00","13810312000102","1988","MB"
"","","19/06/2018","163","PREFEITURA DE TUCANO","FUNDO SAUDE TUCANO","77852 - BB AG 44954 C/C - 7785-2 - ICMS","R$25.105,93","13810312000102","1903","MB"
"","","19/06/2018","1260","PREFEITURA DE TUCANO","UPB - UNIAO DOS MUNICIPIOS DA BAHIA","77852 - BB AG 44954 C/C - 7785-2 - ICMS","R$1.003,50","13810312000102","1396","NP"
"","","12/06/2018","160","PREFEITURA DE TUCANO","FUNDO SAUDE TUCANO","77852 - BB AG 44954 C/C - 7785-2 - ICMS","R$3.720,75","13810312000102","1902","MB"
"","","12/06/2018","161","PREFEITURA DE TUCANO","FUNDO SAUDE TUCANO","9467 - BB AG 44954 C/C - 946-7 - CONTA MOVIMENTO","R$10.000,00","13810312000102","1948","MB"
"","","12/06/2018","162","PREFEITURA DE TUCANO","FUNDO SAUDE TUCANO","9467 - BB AG 44954 C/C - 946-7 - CONTA MOVIMENTO","R$9.000,00","13810312000102","1949","MB"
"","","11/06/2018","159","PREFEITURA DE TUCANO","FUNDO SAUDE TUCANO","9467 - BB AG 44954 C/C - 946-7 - CONTA MOVIMENTO","R$12.000,00","13810312000102","1947","MB"
"","","08/06/2018","157","PREFEITURA DE TUCANO","FUNDO SAUDE TUCANO","9467 - BB AG 44954 C/C - 946-7 - CONTA MOVIMENTO","R$285.000,00","13810312000102","1946","MB"
"","","08/06/2018","156","PREFEITURA DE TUCANO","FUNDO SAUDE TUCANO","77860 - BB AG 44954 C/C - 7786-0 - IPI","R$669,70","13810312000102","1905","MB"
"","","08/06/2018","154","PREFEITURA DE TUCANO","FUNDO SAUDE TUCANO","150746 - BB AG 44954 C/C - 15074-6 - FPM","R$212.981,40","13810312000102","1894","MB"
"","","08/06/2018","155","PREFEITURA DE TUCANO","FUNDO SAUDE TUCANO","15072X - BB AG 44954 C/C - 15072-X - ITR","R$15,75","13810312000102","1898","MB"
"","","08/06/2018","158","PREFEITURA DE TUCANO","FUNDO ASSISTENCIA SOCIAL DE TUCANO","9467 - BB AG 44954 C/C - 946-7 - CONTA MOVIMENTO","R$55.000,00","13810312000102","1956","MB"
"","","08/06/2018","1215","PREFEITURA DE TUCANO","CONFEDERACAO NACIONAL DE MUNICIPIOS","150746 - BB AG 44954 C/C - 15074-6 - FPM","R$1.476,00","13810312000102","1393","NP"
"","","08/06/2018","1190","PREFEITURA DE TUCANO","MINISTERIO DO DESENVOLVIMENTO AGRARIO","9467 - BB AG 44954 C/C - 946-7 - CONTA MOVIMENTO","R$6.897,75","13810312000102","1194","NP"
"","","08/06/2018","1191","PREFEITURA DE TUCANO","SINDICATO DOS TRABALHADORES RURAIS E AGRICULTORES FAMILIAR DE TUCANO","9467 - BB AG 44954 C/C - 946-7 - CONTA MOVIMENTO","R$34.839,00","13810312000102","1195","NP"
"","","07/06/2018","153","PREFEITURA DE TUCANO","FUNDO ASSISTENCIA SOCIAL DE TUCANO","9467 - BB AG 44954 C/C - 946-7 - CONTA MOVIMENTO","R$2.500,00","13810312000102","1955","MB"
"","","06/06/2018","152","PREFEITURA DE TUCANO","FUNDO ASSISTENCIA SOCIAL DE TUCANO","9467 - BB AG 44954 C/C - 946-7 - CONTA MOVIMENTO","R$7.000,00","13810312000102","1954","MB"
"","","06/06/2018","151","PREFEITURA DE TUCANO","FUNDO SAUDE TUCANO","9467 - BB AG 44954 C/C - 946-7 - CONTA MOVIMENTO","R$7.500,00","13810312000102","1945","MB"
"","","05/06/2018","150","PREFEITURA DE TUCANO","FUNDO SAUDE TUCANO","77852 - BB AG 44954 C/C - 7785-2 - ICMS","R$32.034,67","13810312000102","1901","MB"
"","","01/06/2018","148","PREFEITURA DE TUCANO","FUNDO SAUDE TUCANO","9467 - BB AG 44954 C/C - 946-7 - CONTA MOVIMENTO","R$2.200,00","13810312000102","1944","MB"
"","","01/06/2018","149","PREFEITURA DE TUCANO","FUNDO ASSISTENCIA SOCIAL DE TUCANO","9467 - BB AG 44954 C/C - 946-7 - CONTA MOVIMENTO","R$2.500,00","13810312000102","1953","MB"
"","","01/06/2018","223","FUNDO MUNICIPAL DE ASSISTÊNCIA SOCIAL DE TUCANO","LAR DONA RITINHA","12365X - BB AG 44954 C/C - 12365-X - PAC I LAR DO IDOSO","R$51.000,00","17993326000160","209","NP"
"","","30/05/2018","143","PREFEITURA DE TUCANO","FUNDO SAUDE TUCANO","150746 - BB AG 44954 C/C - 15074-6 - FPM","R$117.870,01","13810312000102","1572","MB"
"","","30/05/2018","144","PREFEITURA DE TUCANO","FUNDO SAUDE TUCANO","2831422 - BB AG 44954 C/C - 283142-2 - ICMS","R$278,52","13810312000102","1573","MB"
"","","30/05/2018","145","PREFEITURA DE TUCANO","FUNDO SAUDE TUCANO","15072X - BB AG 44954 C/C - 15072-X - ITR","R$2,73","13810312000102","1579","MB"
"","","30/05/2018","146","PREFEITURA DE TUCANO","FUNDO SAUDE TUCANO","77860 - BB AG 44954 C/C - 7786-0 - IPI","R$97,11","13810312000102","1593","MB"
"","","30/05/2018","147","PREFEITURA DE TUCANO","TUCANO CAMARA MUNICIPAL","9467 - BB AG 44954 C/C - 946-7 - CONTA MOVIMENTO","R$99.191,85","13810312000102","1594","MB"
"","","29/05/2018","142","PREFEITURA DE TUCANO","FUNDO SAUDE TUCANO","77852 - BB AG 44954 C/C - 7785-2 - ICMS","R$11.566,81","13810312000102","1590","MB"
"","","28/05/2018","141","PREFEITURA DE TUCANO","FUNDO SAUDE TUCANO","9467 - BB AG 44954 C/C - 946-7 - CONTA MOVIMENTO","R$15.000,00","13810312000102","1641","MB"
"","","23/05/2018","140","PREFEITURA DE TUCANO","FUNDO ASSISTENCIA SOCIAL DE TUCANO","9467 - BB AG 44954 C/C - 946-7 - CONTA MOVIMENTO","R$5.000,00","13810312000102","1643","MB"
"","","22/05/2018","139","PREFEITURA DE TUCANO","FUNDO SAUDE TUCANO","77852 - BB AG 44954 C/C - 7785-2 - ICMS","R$8.788,63","13810312000102","1587","MB"
"","","22/05/2018","1076","PREFEITURA DE TUCANO","UPB - UNIAO DOS MUNICIPIOS DA BAHIA","77852 - BB AG 44954 C/C - 7785-2 - ICMS","R$1.003,50","13810312000102","1171","NP"
"","","18/05/2018","669","FUNDO SAUDE TUCANO","ASSOCIACAO DE REINTEGRACAO DO INDIVIDUO EBRIO A SOCIEDADE","98906 - BB AG 44954 C/C - 9890-6 - FUS","R$1.000,00","13320152000113","669","NP"
"","","18/05/2018","137","PREFEITURA DE TUCANO","FUNDO SAUDE TUCANO","77860 - BB AG 44954 C/C - 7786-0 - IPI","R$201,67","13810312000102","1592","MB"
"","","18/05/2018","135","PREFEITURA DE TUCANO","FUNDO SAUDE TUCANO","150746 - BB AG 44954 C/C - 15074-6 - FPM","R$36.547,65","13810312000102","1570","MB"
"","","18/05/2018","136","PREFEITURA DE TUCANO","FUNDO SAUDE TUCANO","15072X - BB AG 44954 C/C - 15072-X - ITR","R$0,93","13810312000102","1577","MB"
"","","18/05/2018","134","PREFEITURA DE TUCANO","TUCANO CAMARA MUNICIPAL","9467 - BB AG 44954 C/C - 946-7 - CONTA MOVIMENTO","R$150.000,00","13810312000102","1536","MB"
"","","18/05/2018","138","PREFEITURA DE TUCANO","FUNDO ASSISTENCIA SOCIAL DE TUCANO","9467 - BB AG 44954 C/C - 946-7 - CONTA MOVIMENTO","R$2.000,00","13810312000102","1642","MB"
"","","17/05/2018","133","PREFEITURA DE TUCANO","FUNDO SAUDE TUCANO","9467 - BB AG 44954 C/C - 946-7 - CONTA MOVIMENTO","R$10.000,00","13810312000102","1619","MB"
"","","16/05/2018","132","PREFEITURA DE TUCANO","FUNDO ASSISTENCIA SOCIAL DE TUCANO","9467 - BB AG 44954 C/C - 946-7 - CONTA MOVIMENTO","R$3.000,00","13810312000102","1624","MB"
"","","16/05/2018","131","PREFEITURA DE TUCANO","FUNDO SAUDE TUCANO","9467 - BB AG 44954 C/C - 946-7 - CONTA MOVIMENTO","R$21.000,00","13810312000102","1618","MB"
"","","15/05/2018","130","PREFEITURA DE TUCANO","FUNDO SAUDE TUCANO","77852 - BB AG 44954 C/C - 7785-2 - ICMS","R$1.100,00","13810312000102","1617","MB"
"","","15/05/2018","129","PREFEITURA DE TUCANO","FUNDO SAUDE TUCANO","77852 - BB AG 44954 C/C - 7785-2 - ICMS","R$25.754,78","13810312000102","1585","MB"
"","","15/05/2018","1044","PREFEITURA DE TUCANO","UPB - UNIAO DOS MUNICIPIOS DA BAHIA","77852 - BB AG 44954 C/C - 7785-2 - ICMS","R$1.003,50","13810312000102","1129","NP"
"","","14/05/2018","1000","PREFEITURA DE TUCANO","CONSORCIO PUBLICO DE DESENVOLVIMENTO SUSTENTAVEL DO TERRITORIO DO SISAL - CONSISAL","9467 - BB AG 44954 C/C - 946-7 - CONTA MOVIMENTO","R$2.573,00","13810312000102","955","NP"
"","","11/05/2018","126","PREFEITURA DE TUCANO","FUNDO SAUDE TUCANO","9467 - BB AG 44954 C/C - 946-7 - CONTA MOVIMENTO","R$41.000,00","13810312000102","1615","MB"
"","","11/05/2018","127","PREFEITURA DE TUCANO","FUNDO SAUDE TUCANO","9467 - BB AG 44954 C/C - 946-7 - CONTA MOVIMENTO","R$7.000,00","13810312000102","1616","MB"
"","","11/05/2018","128","PREFEITURA DE TUCANO","FUNDO ASSISTENCIA SOCIAL DE TUCANO","9467 - BB AG 44954 C/C - 946-7 - CONTA MOVIMENTO","R$7.000,00","13810312000102","1623","MB"
"","","10/05/2018","125","PREFEITURA DE TUCANO","FUNDO ASSISTENCIA SOCIAL DE TUCANO","9467 - BB AG 44954 C/C - 946-7 - CONTA MOVIMENTO","R$65.000,00","13810312000102","1622","MB"
"","","10/05/2018","124","PREFEITURA DE TUCANO","FUNDO SAUDE TUCANO","9467 - BB AG 44954 C/C - 946-7 - CONTA MOVIMENTO","R$183.000,00","13810312000102","1614","MB"
"","","10/05/2018","123","PREFEITURA DE TUCANO","FUNDO SAUDE TUCANO","77860 - BB AG 44954 C/C - 7786-0 - IPI","R$610,48","13810312000102","1591","MB"
"","","10/05/2018","121","PREFEITURA DE TUCANO","FUNDO SAUDE TUCANO","150746 - BB AG 44954 C/C - 15074-6 - FPM","R$298.196,90","13810312000102","1568","MB"
"","","10/05/2018","122","PREFEITURA DE TUCANO","FUNDO SAUDE TUCANO","15072X - BB AG 44954 C/C - 15072-X - ITR","R$7,83","13810312000102","1576","MB"
"","","10/05/2018","926","PREFEITURA DE TUCANO","SINDICATO DOS TRABALHADORES RURAIS E AGRICULTORES FAMILIAR DE TUCANO","9467 - BB AG 44954 C/C - 946-7 - CONTA MOVIMENTO","R$34.752,00","13810312000102","1021","NP"
"","","10/05/2018","949","PREFEITURA DE TUCANO","CONFEDERACAO NACIONAL DE MUNICIPIOS","150746 - BB AG 44954 C/C - 15074-6 - FPM","R$1.476,00","13810312000102","1126","NP"
"","","10/05/2018","952","PREFEITURA DE TUCANO","MINISTERIO DO DESENVOLVIMENTO AGRARIO","9467 - BB AG 44954 C/C - 946-7 - CONTA MOVIMENTO","R$6.897,75","13810312000102","1197","NP"
"","","08/05/2018","120","PREFEITURA DE TUCANO","FUNDO SAUDE TUCANO","77852 - BB AG 44954 C/C - 7785-2 - ICMS","R$4.219,14","13810312000102","1584","MB"
"","","04/05/2018","119","PREFEITURA DE TUCANO","FUNDO ASSISTENCIA SOCIAL DE TUCANO","9467 - BB AG 44954 C/C - 946-7 - CONTA MOVIMENTO","R$2.000,00","13810312000102","1621","MB"
"","","02/05/2018","118","PREFEITURA DE TUCANO","FUNDO ASSISTENCIA SOCIAL DE TUCANO","9467 - BB AG 44954 C/C - 946-7 - CONTA MOVIMENTO","R$10.000,00","13810312000102","1620","MB"
"","","02/05/2018","117","PREFEITURA DE TUCANO","FUNDO SAUDE TUCANO","77852 - BB AG 44954 C/C - 7785-2 - ICMS","R$42.884,79","13810312000102","1583","MB"
"","","30/04/2018","112","PREFEITURA DE TUCANO","FUNDO SAUDE TUCANO","9467 - BB AG 44954 C/C - 946-7 - CONTA MOVIMENTO","R$84.000,00","13810312000102","1215","MB"
"","","30/04/2018","113","PREFEITURA DE TUCANO","TUCANO CAMARA MUNICIPAL","9467 - BB AG 44954 C/C - 946-7 - CONTA MOVIMENTO","R$109.191,85","13810312000102","1152","MB"
"","","30/04/2018","114","PREFEITURA DE TUCANO","FUNDO SAUDE TUCANO","150746 - BB AG 44954 C/C - 15074-6 - FPM","R$149.675,91","13810312000102","1155","MB"
"","","30/04/2018","115","PREFEITURA DE TUCANO","FUNDO SAUDE TUCANO","2831422 - BB AG 44954 C/C - 283142-2 - ICMS","R$278,52","13810312000102","1156","MB"
"","","30/04/2018","116","PREFEITURA DE TUCANO","FUNDO SAUDE TUCANO","15072X - BB AG 44954 C/C - 15072-X - ITR","R$24,38","13810312000102","1159","MB"
"","","30/04/2018","111","PREFEITURA DE TUCANO","FUNDO SAUDE TUCANO","77860 - BB AG 44954 C/C - 7786-0 - IPI","R$133,57","13810312000102","1166","MB"
"","","30/04/2018","826","PREFEITURA DE TUCANO","CONSORCIO PUBLICO DE DESENVOLVIMENTO SUSTENTAVEL DO TERRITORIO DO SISAL - CONSISAL","9467 - BB AG 44954 C/C - 946-7 - CONTA MOVIMENTO","R$2.573,00","13810312000102","861","NP"
"","","30/04/2018","827","PREFEITURA DE TUCANO","CONSORCIO PUBLICO DE DESENVOLVIMENTO SUSTENTAVEL DO TERRITORIO DO SISAL - CONSISAL","9467 - BB AG 44954 C/C - 946-7 - CONTA MOVIMENTO","R$4.217,00","13810312000102","862","NP"
"","","30/04/2018","828","PREFEITURA DE TUCANO","CONSORCIO PUBLICO DE DESENVOLVIMENTO SUSTENTAVEL DO TERRITORIO DO SISAL - CONSISAL","9467 - BB AG 44954 C/C - 946-7 - CONTA MOVIMENTO","R$4.217,00","13810312000102","863","NP"
"","","24/04/2018","796","PREFEITURA DE TUCANO","UPB - UNIAO DOS MUNICIPIOS DA BAHIA","77852 - BB AG 44954 C/C - 7785-2 - ICMS","R$1.003,50","13810312000102","854","NP"
"","","24/04/2018","109","PREFEITURA DE TUCANO","FUNDO SAUDE TUCANO","77852 - BB AG 44954 C/C - 7785-2 - ICMS","R$9.064,03","13810312000102","1163","MB"
"","","24/04/2018","110","PREFEITURA DE TUCANO","TUCANO CAMARA MUNICIPAL","9467 - BB AG 44954 C/C - 946-7 - CONTA MOVIMENTO","R$40.000,00","13810312000102","1114","MB"
"","","20/04/2018","106","PREFEITURA DE TUCANO","TUCANO CAMARA MUNICIPAL","9467 - BB AG 44954 C/C - 946-7 - CONTA MOVIMENTO","R$100.000,00","13810312000102","1100","MB"
"","","20/04/2018","107","PREFEITURA DE TUCANO","FUNDO SAUDE TUCANO","150746 - BB AG 44954 C/C - 15074-6 - FPM","R$37.302,85","13810312000102","1154","MB"
"","","20/04/2018","108","PREFEITURA DE TUCANO","FUNDO SAUDE TUCANO","15072X - BB AG 44954 C/C - 15072-X - ITR","R$3,99","13810312000102","1158","MB"
"","","20/04/2018","105","PREFEITURA DE TUCANO","FUNDO SAUDE TUCANO","9467 - BB AG 44954 C/C - 946-7 - CONTA MOVIMENTO","R$41.000,00","13810312000102","1214","MB"
"","","20/04/2018","104","PREFEITURA DE TUCANO","FUNDO SAUDE TUCANO","77860 - BB AG 44954 C/C - 7786-0 - IPI","R$188,42","13810312000102","1165","MB"
"","","19/04/2018","103","PREFEITURA DE TUCANO","FUNDO ASSISTENCIA SOCIAL DE TUCANO","9467 - BB AG 44954 C/C - 946-7 - CONTA MOVIMENTO","R$5.000,00","13810312000102","1205","MB"
"","","18/04/2018","102","PREFEITURA DE TUCANO","FUNDO SAUDE TUCANO","9467 - BB AG 44954 C/C - 946-7 - CONTA MOVIMENTO","R$21.000,00","13810312000102","1212","MB"
"","","17/04/2018","101","PREFEITURA DE TUCANO","FUNDO SAUDE TUCANO","77852 - BB AG 44954 C/C - 7785-2 - ICMS","R$1.100,00","13810312000102","1206","MB"
"","","17/04/2018","100","PREFEITURA DE TUCANO","FUNDO SAUDE TUCANO","77852 - BB AG 44954 C/C - 7785-2 - ICMS","R$28.355,24","13810312000102","1162","MB"
"","","17/04/2018","758","PREFEITURA DE TUCANO","UPB - UNIAO DOS MUNICIPIOS DA BAHIA","77852 - BB AG 44954 C/C - 7785-2 - ICMS","R$1.003,50","13810312000102","853","NP"
"","","12/04/2018","97","PREFEITURA DE TUCANO","FUNDO ASSISTENCIA SOCIAL DE TUCANO","9467 - BB AG 44954 C/C - 946-7 - CONTA MOVIMENTO","R$3.000,00","13810312000102","1204","MB"
"","","12/04/2018","98","PREFEITURA DE TUCANO","FUNDO SAUDE TUCANO","9467 - BB AG 44954 C/C - 946-7 - CONTA MOVIMENTO","R$3.000,00","13810312000102","1210","MB"
"","","12/04/2018","99","PREFEITURA DE TUCANO","FUNDO SAUDE TUCANO","9467 - BB AG 44954 C/C - 946-7 - CONTA MOVIMENTO","R$1.000,00","13810312000102","1211","MB"
"","","11/04/2018","96","PREFEITURA DE TUCANO","FUNDO SAUDE TUCANO","9467 - BB AG 44954 C/C - 946-7 - CONTA MOVIMENTO","R$1.000,00","13810312000102","1209","MB"
"","","11/04/2018","719","PREFEITURA DE TUCANO","CONSORCIO PUBLICO DE DESENVOLVIMENTO SUSTENTAVEL DO TERRITORIO DO SISAL - CONSISAL","9467 - BB AG 44954 C/C - 946-7 - CONTA MOVIMENTO","R$2.573,00","13810312000102","650","NP"
"","","11/04/2018","721","PREFEITURA DE TUCANO","CONSORCIO PUBLICO DE DESENVOLVIMENTO SUSTENTAVEL DO TERRITORIO DO SISAL - CONSISAL","9467 - BB AG 44954 C/C - 946-7 - CONTA MOVIMENTO","R$3.483,00","13810312000102","697","NP"
"","","11/04/2018","722","PREFEITURA DE TUCANO","CONSORCIO PUBLICO DE DESENVOLVIMENTO SUSTENTAVEL DO TERRITORIO DO SISAL - CONSISAL","9467 - BB AG 44954 C/C - 946-7 - CONTA MOVIMENTO","R$4.217,00","13810312000102","783","NP"
"","","10/04/2018","716","PREFEITURA DE TUCANO","CONFEDERACAO NACIONAL DE MUNICIPIOS","150746 - BB AG 44954 C/C - 15074-6 - FPM","R$1.476,00","13810312000102","852","NP"
"","","10/04/2018","91","PREFEITURA DE TUCANO","FUNDO SAUDE TUCANO","9467 - BB AG 44954 C/C - 946-7 - CONTA MOVIMENTO","R$213.000,00","13810312000102","1207","MB"
"","","10/04/2018","92","PREFEITURA DE TUCANO","FUNDO SAUDE TUCANO","9467 - BB AG 44954 C/C - 946-7 - CONTA MOVIMENTO","R$7.000,00","13810312000102","1208","MB"
"","","10/04/2018","95","PREFEITURA DE TUCANO","FUNDO SAUDE TUCANO","77852 - BB AG 44954 C/C - 7785-2 - ICMS","R$4.414,70","13810312000102","1161","MB"
"","","10/04/2018","89","PREFEITURA DE TUCANO","FUNDO SAUDE TUCANO","77860 - BB AG 44954 C/C - 7786-0 - IPI","R$570,16","13810312000102","1164","MB"
"","","10/04/2018","90","PREFEITURA DE TUCANO","FUNDO ASSISTENCIA SOCIAL DE TUCANO","9467 - BB AG 44954 C/C - 946-7 - CONTA MOVIMENTO","R$61.000,00","13810312000102","1203","MB"
"","","10/04/2018","94","PREFEITURA DE TUCANO","FUNDO SAUDE TUCANO","15072X - BB AG 44954 C/C - 15072-X - ITR","R$22,21","13810312000102","1157","MB"
"","","10/04/2018","93","PREFEITURA DE TUCANO","FUNDO SAUDE TUCANO","150746 - BB AG 44954 C/C - 15074-6 - FPM","R$181.827,23","13810312000102","1153","MB"
"","","03/04/2018","88","PREFEITURA DE TUCANO","FUNDO SAUDE TUCANO","77852 - BB AG 44954 C/C - 7785-2 - ICMS","R$30.508,26","13810312000102","1160","MB"
"","","29/03/2018","83","PREFEITURA DE TUCANO","FUNDO SAUDE TUCANO","150746 - BB AG 44954 C/C - 15074-6 - FPM","R$137.953,63","13810312000102","807","MB"
"","","29/03/2018","84","PREFEITURA DE TUCANO","FUNDO SAUDE TUCANO","2831422 - BB AG 44954 C/C - 283142-2 - ICMS","R$278,52","13810312000102","808","MB"
"","","29/03/2018","85","PREFEITURA DE TUCANO","FUNDO SAUDE TUCANO","15072X - BB AG 44954 C/C - 15072-X - ITR","R$20,99","13810312000102","809","MB"
"","","29/03/2018","86","PREFEITURA DE TUCANO","FUNDO SAUDE TUCANO","77860 - BB AG 44954 C/C - 7786-0 - IPI","R$118,81","13810312000102","810","MB"
"","","29/03/2018","87","PREFEITURA DE TUCANO","FUNDO ASSISTENCIA SOCIAL DE TUCANO","9467 - BB AG 44954 C/C - 946-7 - CONTA MOVIMENTO","R$6.000,00","13810312000102","838","MB"
"","","29/03/2018","82","PREFEITURA DE TUCANO","TUCANO CAMARA MUNICIPAL","9467 - BB AG 44954 C/C - 946-7 - CONTA MOVIMENTO","R$94.251,66","13810312000102","797","MB"
"","","29/03/2018","609","PREFEITURA DE TUCANO","SINDICATO DOS TRABALHADORES RURAIS E AGRICULTORES FAMILIAR DE TUCANO","9467 - BB AG 44954 C/C - 946-7 - CONTA MOVIMENTO","R$34.780,00","13810312000102","630","NP"
"","","27/03/2018","573","PREFEITURA DE TUCANO","UPB - UNIAO DOS MUNICIPIOS DA BAHIA","77852 - BB AG 44954 C/C - 7785-2 - ICMS","R$1.003,50","13810312000102","609","NP"
"","","27/03/2018","80","PREFEITURA DE TUCANO","FUNDO SAUDE TUCANO","77852 - BB AG 44954 C/C - 7785-2 - ICMS","R$9.473,79","13810312000102","804","MB"
"","","27/03/2018","81","PREFEITURA DE TUCANO","FUNDO ASSISTENCIA SOCIAL DE TUCANO","9467 - BB AG 44954 C/C - 946-7 - CONTA MOVIMENTO","R$1.000,00","13810312000102","837","MB"
"","","20/03/2018","76","PREFEITURA DE TUCANO","FUNDO ASSISTENCIA SOCIAL DE TUCANO","9467 - BB AG 44954 C/C - 946-7 - CONTA MOVIMENTO","R$3.000,00","13810312000102","836","MB"
"","","20/03/2018","77","PREFEITURA DE TUCANO","FUNDO SAUDE TUCANO","9467 - BB AG 44954 C/C - 946-7 - CONTA MOVIMENTO","R$57.000,00","13810312000102","842","MB"
"","","20/03/2018","78","PREFEITURA DE TUCANO","FUNDO SAUDE TUCANO","9467 - BB AG 44954 C/C - 946-7 - CONTA MOVIMENTO","R$3.000,00","13810312000102","843","MB"
"","","20/03/2018","79","PREFEITURA DE TUCANO","FUNDO SAUDE TUCANO","77852 - BB AG 44954 C/C - 7785-2 - ICMS","R$1.100,00","13810312000102","879","MB"
"","","20/03/2018","75","PREFEITURA DE TUCANO","FUNDO SAUDE TUCANO","77860 - BB AG 44954 C/C - 7786-0 - IPI","R$175,70","13810312000102","806","MB"
"","","20/03/2018","74","PREFEITURA DE TUCANO","FUNDO SAUDE TUCANO","77852 - BB AG 44954 C/C - 7785-2 - ICMS","R$28.088,59","13810312000102","803","MB"
"","","20/03/2018","72","PREFEITURA DE TUCANO","FUNDO SAUDE TUCANO","150746 - BB AG 44954 C/C - 15074-6 - FPM","R$31.405,05","13810312000102","798","MB"
"","","20/03/2018","73","PREFEITURA DE TUCANO","FUNDO SAUDE TUCANO","15072X - BB AG 44954 C/C - 15072-X - ITR","R$11,21","13810312000102","800","MB"
"","","20/03/2018","71","PREFEITURA DE TUCANO","TUCANO CAMARA MUNICIPAL","9467 - BB AG 44954 C/C - 946-7 - CONTA MOVIMENTO","R$153.886,25","13810312000102","748","MB"
"","","20/03/2018","551","PREFEITURA DE TUCANO","UPB - UNIAO DOS MUNICIPIOS DA BAHIA","77852 - BB AG 44954 C/C - 7785-2 - ICMS","R$1.003,50","13810312000102","608","NP"
"","","16/03/2018","70","PREFEITURA DE TUCANO","FUNDO SAUDE TUCANO","9467 - BB AG 44954 C/C - 946-7 - CONTA MOVIMENTO","R$22.000,00","13810312000102","841","MB"
"","","14/03/2018","69","PREFEITURA DE TUCANO","FUNDO ASSISTENCIA SOCIAL DE TUCANO","9467 - BB AG 44954 C/C - 946-7 - CONTA MOVIMENTO","R$10.000,00","13810312000102","835","MB"
"","","13/03/2018","67","PREFEITURA DE TUCANO","FUNDO ASSISTENCIA SOCIAL DE TUCANO","9467 - BB AG 44954 C/C - 946-7 - CONTA MOVIMENTO","R$2.000,00","13810312000102","834","MB"
"","","13/03/2018","68","PREFEITURA DE TUCANO","FUNDO SAUDE TUCANO","9467 - BB AG 44954 C/C - 946-7 - CONTA MOVIMENTO","R$7.000,00","13810312000102","840","MB"
"","","13/03/2018","66","PREFEITURA DE TUCANO","FUNDO SAUDE TUCANO","77852 - BB AG 44954 C/C - 7785-2 - ICMS","R$4.303,06","13810312000102","802","MB"
"","","09/03/2018","63","PREFEITURA DE TUCANO","FUNDO SAUDE TUCANO","77860 - BB AG 44954 C/C - 7786-0 - IPI","R$541,13","13810312000102","805","MB"
"","","09/03/2018","62","PREFEITURA DE TUCANO","FUNDO SAUDE TUCANO","15072X - BB AG 44954 C/C - 15072-X - ITR","R$50,70","13810312000102","799","MB"
"","","09/03/2018","61","PREFEITURA DE TUCANO","FUNDO SAUDE TUCANO","150746 - BB AG 44954 C/C - 15074-6 - FPM","R$182.398,54","13810312000102","796","MB"
"","","09/03/2018","65","PREFEITURA DE TUCANO","FUNDO SAUDE TUCANO","9467 - BB AG 44954 C/C - 946-7 - CONTA MOVIMENTO","R$432.000,00","13810312000102","839","MB"
"","","09/03/2018","64","PREFEITURA DE TUCANO","FUNDO ASSISTENCIA SOCIAL DE TUCANO","9467 - BB AG 44954 C/C - 946-7 - CONTA MOVIMENTO","R$60.000,00","13810312000102","833","MB"
"","","09/03/2018","507","PREFEITURA DE TUCANO","CONFEDERACAO NACIONAL DE MUNICIPIOS","150746 - BB AG 44954 C/C - 15074-6 - FPM","R$1.476,00","13810312000102","610","NP"
"","","08/03/2018","60","PREFEITURA DE TUCANO","FUNDO ASSISTENCIA SOCIAL DE TUCANO","9467 - BB AG 44954 C/C - 946-7 - CONTA MOVIMENTO","R$5.000,00","13810312000102","832","MB"
"","","06/03/2018","59","PREFEITURA DE TUCANO","FUNDO SAUDE TUCANO","77852 - BB AG 44954 C/C - 7785-2 - ICMS","R$32.649,17","13810312000102","801","MB"
"","","28/02/2018","58","PREFEITURA DE TUCANO","TUCANO CAMARA MUNICIPAL","9467 - BB AG 44954 C/C - 946-7 - CONTA MOVIMENTO","R$99.718,82","13810312000102","660","MB"
"","","28/02/2018","54","PREFEITURA DE TUCANO","FUNDO SAUDE TUCANO","150746 - BB AG 44954 C/C - 15074-6 - FPM","R$112.584,80","13810312000102","398","MB"
"","","28/02/2018","55","PREFEITURA DE TUCANO","FUNDO SAUDE TUCANO","2831422 - BB AG 44954 C/C - 283142-2 - ICMS","R$278,52","13810312000102","399","MB"
"","","28/02/2018","56","PREFEITURA DE TUCANO","FUNDO SAUDE TUCANO","15072X - BB AG 44954 C/C - 15072-X - ITR","R$5,06","13810312000102","401","MB"
"","","28/02/2018","57","PREFEITURA DE TUCANO","FUNDO SAUDE TUCANO","77860 - BB AG 44954 C/C - 7786-0 - IPI","R$98,55","13810312000102","405","MB"
"","","27/02/2018","53","PREFEITURA DE TUCANO","FUNDO SAUDE TUCANO","77852 - BB AG 44954 C/C - 7785-2 - ICMS","R$12.507,96","13810312000102","403","MB"
"","","27/02/2018","419","PREFEITURA DE TUCANO","UPB - UNIAO DOS MUNICIPIOS DA BAHIA","77852 - BB AG 44954 C/C - 7785-2 - ICMS","R$1.003,50","13810312000102","417","NP"
"","","23/02/2018","52","PREFEITURA DE TUCANO","FUNDO ASSISTENCIA SOCIAL DE TUCANO","9467 - BB AG 44954 C/C - 946-7 - CONTA MOVIMENTO","R$2.000,00","13810312000102","446","MB"
"","","22/02/2018","50","PREFEITURA DE TUCANO","FUNDO ASSISTENCIA SOCIAL DE TUCANO","9467 - BB AG 44954 C/C - 946-7 - CONTA MOVIMENTO","R$5.000,00","13810312000102","445","MB"
"","","22/02/2018","51","PREFEITURA DE TUCANO","FUNDO SAUDE TUCANO","9467 - BB AG 44954 C/C - 946-7 - CONTA MOVIMENTO","R$7.000,00","13810312000102","452","MB"
"","","20/02/2018","48","PREFEITURA DE TUCANO","TUCANO CAMARA MUNICIPAL","9467 - BB AG 44954 C/C - 946-7 - CONTA MOVIMENTO","R$150.000,00","13810312000102","659","MB"
"","","20/02/2018","49","PREFEITURA DE TUCANO","FUNDO SAUDE TUCANO","77852 - BB AG 44954 C/C - 7785-2 - ICMS","R$1.100,00","13810312000102","661","MB"
"","","20/02/2018","47","PREFEITURA DE TUCANO","FUNDO SAUDE TUCANO","77860 - BB AG 44954 C/C - 7786-0 - IPI","R$179,49","13810312000102","404","MB"
"","","20/02/2018","46","PREFEITURA DE TUCANO","FUNDO SAUDE TUCANO","77852 - BB AG 44954 C/C - 7785-2 - ICMS","R$29.624,18","13810312000102","402","MB"
"","","20/02/2018","45","PREFEITURA DE TUCANO","FUNDO SAUDE TUCANO","15072X - BB AG 44954 C/C - 15072-X - ITR","R$2,82","13810312000102","400","MB"
"","","20/02/2018","44","PREFEITURA DE TUCANO","FUNDO SAUDE TUCANO","150746 - BB AG 44954 C/C - 15074-6 - FPM","R$31.372,47","13810312000102","397","MB"
"","","20/02/2018","353","PREFEITURA DE TUCANO","UPB - UNIAO DOS MUNICIPIOS DA BAHIA","77852 - BB AG 44954 C/C - 7785-2 - ICMS","R$1.003,50","13810312000102","416","NP"
"","","19/02/2018","43","PREFEITURA DE TUCANO","FUNDO SAUDE TUCANO","9467 - BB AG 44954 C/C - 946-7 - CONTA MOVIMENTO","R$1.000,00","13810312000102","451","MB"
"","","16/02/2018","42","PREFEITURA DE TUCANO","FUNDO SAUDE TUCANO","9467 - BB AG 44954 C/C - 946-7 - CONTA MOVIMENTO","R$5.000,00","13810312000102","450","MB"
"","","15/02/2018","41","PREFEITURA DE TUCANO","FUNDO ASSISTENCIA SOCIAL DE TUCANO","9467 - BB AG 44954 C/C - 946-7 - CONTA MOVIMENTO","R$5.000,00","13810312000102","444","MB"
"","","15/02/2018","40","PREFEITURA DE TUCANO","FUNDO SAUDE TUCANO","77852 - BB AG 44954 C/C - 7785-2 - ICMS","R$5.363,24","13810312000102","250","MB"
"","","09/02/2018","37","PREFEITURA DE TUCANO","FUNDO SAUDE TUCANO","77860 - BB AG 44954 C/C - 7786-0 - IPI","R$723,88","13810312000102","251","MB"
"","","09/02/2018","35","PREFEITURA DE TUCANO","FUNDO SAUDE TUCANO","150746 - BB AG 44954 C/C - 15074-6 - FPM","R$378.409,78","13810312000102","247","MB"
"","","09/02/2018","36","PREFEITURA DE TUCANO","FUNDO SAUDE TUCANO","15072X - BB AG 44954 C/C - 15072-X - ITR","R$9,48","13810312000102","248","MB"
"","","09/02/2018","38","PREFEITURA DE TUCANO","FUNDO ASSISTENCIA SOCIAL DE TUCANO","9467 - BB AG 44954 C/C - 946-7 - CONTA MOVIMENTO","R$75.000,00","13810312000102","443","MB"
"","","09/02/2018","39","PREFEITURA DE TUCANO","FUNDO SAUDE TUCANO","9467 - BB AG 44954 C/C - 946-7 - CONTA MOVIMENTO","R$170.000,00","13810312000102","449","MB"
"","","09/02/2018","260","PREFEITURA DE TUCANO","CONFEDERACAO NACIONAL DE MUNICIPIOS","150746 - BB AG 44954 C/C - 15074-6 - FPM","R$1.476,00","13810312000102","409","NP"
"","","09/02/2018","206","PREFEITURA DE TUCANO","CONSORCIO PUBLICO DE DESENVOLVIMENTO SUSTENTAVEL DO TERRITORIO DO SISAL - CONSISAL","9467 - BB AG 44954 C/C - 946-7 - CONTA MOVIMENTO","R$3.483,00","13810312000102","319","RP"
"","","06/02/2018","34","PREFEITURA DE TUCANO","FUNDO SAUDE TUCANO","77852 - BB AG 44954 C/C - 7785-2 - ICMS","R$23.192,56","13810312000102","249","MB"
"","","05/02/2018","33","PREFEITURA DE TUCANO","FUNDO SAUDE TUCANO","9467 - BB AG 44954 C/C - 946-7 - CONTA MOVIMENTO","R$6.000,00","13810312000102","448","MB"
"","","02/02/2018","32","PREFEITURA DE TUCANO","FUNDO SAUDE TUCANO","9467 - BB AG 44954 C/C - 946-7 - CONTA MOVIMENTO","R$60.000,00","13810312000102","447","MB"
"","","31/01/2018","31","PREFEITURA DE TUCANO","FUNDO ASSISTENCIA SOCIAL DE TUCANO","9467 - BB AG 44954 C/C - 946-7 - CONTA MOVIMENTO","R$4.000,00","13810312000102","246","MB"
"","","31/01/2018","30","PREFEITURA DE TUCANO","FUNDO SAUDE TUCANO","2831422 - BB AG 44954 C/C - 283142-2 - ICMS","R$278,52","13810312000102","12","MB"
"","","30/01/2018","25","PREFEITURA DE TUCANO","FUNDO SAUDE TUCANO","150746 - BB AG 44954 C/C - 15074-6 - FPM","R$164.271,47","13810312000102","11","MB"
"","","30/01/2018","26","PREFEITURA DE TUCANO","FUNDO SAUDE TUCANO","15072X - BB AG 44954 C/C - 15072-X - ITR","R$5,75","13810312000102","14","MB"
"","","30/01/2018","27","PREFEITURA DE TUCANO","FUNDO SAUDE TUCANO","77852 - BB AG 44954 C/C - 7785-2 - ICMS","R$23.572,21","13810312000102","16","MB"
"","","30/01/2018","29","PREFEITURA DE TUCANO","TUCANO CAMARA MUNICIPAL","9467 - BB AG 44954 C/C - 946-7 - CONTA MOVIMENTO","R$94.718,82","13810312000102","9","MB"
"","","30/01/2018","28","PREFEITURA DE TUCANO","FUNDO SAUDE TUCANO","77860 - BB AG 44954 C/C - 7786-0 - IPI","R$110,65","13810312000102","18","MB"
"","","24/01/2018","24","PREFEITURA DE TUCANO","TUCANO CAMARA MUNICIPAL","9467 - BB AG 44954 C/C - 946-7 - CONTA MOVIMENTO","R$5.000,00","13810312000102","8","MB"
"","","23/01/2018","22","PREFEITURA DE TUCANO","FUNDO SAUDE TUCANO","77852 - BB AG 44954 C/C - 7785-2 - ICMS","R$7.323,39","13810312000102","15","MB"
"","","23/01/2018","23","PREFEITURA DE TUCANO","FUNDO ASSISTENCIA SOCIAL DE TUCANO","9467 - BB AG 44954 C/C - 946-7 - CONTA MOVIMENTO","R$1.000,00","13810312000102","36","MB"
"","","23/01/2018","72","FUNDO SAUDE TUCANO","ASSOCIACAO DE REINTEGRACAO DO INDIVIDUO EBRIO A SOCIEDADE","98906 - BB AG 44954 C/C - 9890-6 - FUS","R$1.000,00","13320152000113","133","RP"
"","","23/01/2018","142","PREFEITURA DE TUCANO","UPB - UNIAO DOS MUNICIPIOS DA BAHIA","77852 - BB AG 44954 C/C - 7785-2 - ICMS","R$1.003,50","13810312000102","233","NP"
"","","19/01/2018","20","PREFEITURA DE TUCANO","FUNDO ASSISTENCIA SOCIAL DE TUCANO","9467 - BB AG 44954 C/C - 946-7 - CONTA MOVIMENTO","R$12.000,00","13810312000102","35","MB"
"","","19/01/2018","19","PREFEITURA DE TUCANO","FUNDO SAUDE TUCANO","77860 - BB AG 44954 C/C - 7786-0 - IPI","R$221,07","13810312000102","17","MB"
"","","19/01/2018","18","PREFEITURA DE TUCANO","FUNDO SAUDE TUCANO","15072X - BB AG 44954 C/C - 15072-X - ITR","R$11,57","13810312000102","13","MB"
"","","19/01/2018","17","PREFEITURA DE TUCANO","FUNDO SAUDE TUCANO","150746 - BB AG 44954 C/C - 15074-6 - FPM","R$73.059,87","13810312000102","10","MB"
"","","19/01/2018","21","PREFEITURA DE TUCANO","TUCANO CAMARA MUNICIPAL","9467 - BB AG 44954 C/C - 946-7 - CONTA MOVIMENTO","R$150.000,00","13810312000102","7","MB"
"","","18/01/2018","16","PREFEITURA DE TUCANO","FUNDO ASSISTENCIA SOCIAL DE TUCANO","9467 - BB AG 44954 C/C - 946-7 - CONTA MOVIMENTO","R$1.000,00","13810312000102","34","MB"
"","","16/01/2018","13","PREFEITURA DE TUCANO","FUNDO ASSISTENCIA SOCIAL DE TUCANO","9467 - BB AG 44954 C/C - 946-7 - CONTA MOVIMENTO","R$8.000,00","13810312000102","33","MB"
"","","16/01/2018","14","PREFEITURA DE TUCANO","FUNDO SAUDE TUCANO","77852 - BB AG 44954 C/C - 7785-2 - ICMS","R$1.100,00","13810312000102","394","MB"
"","","16/01/2018","15","PREFEITURA DE TUCANO","FUNDO SAUDE TUCANO","77852 - BB AG 44954 C/C - 7785-2 - ICMS","R$31.701,74","13810312000102","5","MB"
"","","16/01/2018","58","PREFEITURA DE TUCANO","UPB - UNIAO DOS MUNICIPIOS DA BAHIA","77852 - BB AG 44954 C/C - 7785-2 - ICMS","R$1.003,50","13810312000102","232","NP"
"","","15/01/2018","12","PREFEITURA DE TUCANO","FUNDO ASSISTENCIA SOCIAL DE TUCANO","9467 - BB AG 44954 C/C - 946-7 - CONTA MOVIMENTO","R$10.000,00","13810312000102","32","MB"
"","","11/01/2018","11","PREFEITURA DE TUCANO","FUNDO ASSISTENCIA SOCIAL DE TUCANO","9467 - BB AG 44954 C/C - 946-7 - CONTA MOVIMENTO","R$6.000,00","13810312000102","31","MB"
"","","11/01/2018","10","PREFEITURA DE TUCANO","FUNDO SAUDE TUCANO","9467 - BB AG 44954 C/C - 946-7 - CONTA MOVIMENTO","R$13.000,00","13810312000102","28","MB"
"","","10/01/2018","7","PREFEITURA DE TUCANO","FUNDO SAUDE TUCANO","9467 - BB AG 44954 C/C - 946-7 - CONTA MOVIMENTO","R$301.000,00","13810312000102","27","MB"
"","","10/01/2018","8","PREFEITURA DE TUCANO","FUNDO ASSISTENCIA SOCIAL DE TUCANO","9467 - BB AG 44954 C/C - 946-7 - CONTA MOVIMENTO","R$47.000,00","13810312000102","30","MB"
"","","10/01/2018","9","PREFEITURA DE TUCANO","FUNDO SAUDE TUCANO","77860 - BB AG 44954 C/C - 7786-0 - IPI","R$650,41","13810312000102","6","MB"
"","","10/01/2018","5","PREFEITURA DE TUCANO","FUNDO SAUDE TUCANO","150746 - BB AG 44954 C/C - 15074-6 - FPM","R$162.241,78","13810312000102","1","MB"
"","","10/01/2018","6","PREFEITURA DE TUCANO","FUNDO SAUDE TUCANO","15072X - BB AG 44954 C/C - 15072-X - ITR","R$17,86","13810312000102","2","MB"
"","","09/01/2018","4","PREFEITURA DE TUCANO","FUNDO SAUDE TUCANO","77852 - BB AG 44954 C/C - 7785-2 - ICMS","R$1.562,58","13810312000102","4","MB"
"","","03/01/2018","3","PREFEITURA DE TUCANO","FUNDO SAUDE TUCANO","77852 - BB AG 44954 C/C - 7785-2 - ICMS","R$11.449,78","13810312000102","3","MB"
"","","02/01/2018","2","PREFEITURA DE TUCANO","FUNDO ASSISTENCIA SOCIAL DE TUCANO","9467 - BB AG 44954 C/C - 946-7 - CONTA MOVIMENTO","R$30.000,00","13810312000102","29","MB"
"","","02/01/2018","1","PREFEITURA DE TUCANO","FUNDO SAUDE TUCANO","9467 - BB AG 44954 C/C - 946-7 - CONTA MOVIMENTO","R$38.000,00","13810312000102","26","MB"